id,name,launch_date,cores,threads,bus_speed,base_frequency,turbo_frequency,cache_size,max_memory_size,max_temp
1,Intel Celeron G1101,2/1/2010,2,2,2.5,2260,,2048,17175674.88,
2,Intel Core i7-3960X,11/1/2011,6,12,5,3300,3900,15360,67108864,66.8
3,Intel Core i7-3930K,11/1/2011,6,12,5,3200,3800,12288,67350036.48,66.8
4,Intel Core i7-3820,2/1/2012,4,8,5,3600,3800,10240,67350036.48,66.8
5,Intel Core i7-3920XM,5/1/2012,4,8,5,2900,3800,8192,33554432,105
6,Intel Core i7-3940XM,8/1/2012,4,8,5,3000,3900,8192,33554432,105
7,Intel Core i7-3970X,11/1/2012,6,12,5,3500,4000,15360,67580723.2,66.8
8,Intel Celeron G1610,2/1/2013,2,2,5,2600,,2048,33554432,
9,Intel Celeron G1620,2/1/2013,2,2,5,2700,,2048,33554432,
10,Intel Celeron G1610T,2/1/2013,2,2,5,2300,,2048,33554432,
11,Intel Core i7-4702MQ,5/1/2013,4,8,5,2200,3200,6144,33554432,100
12,Intel Core i7-4765T,5/1/2013,4,8,5,2000,3000,8192,33554432,66.35
13,Intel Core i7-4770,5/1/2013,4,8,5,3400,3900,8192,33554432,72.72
14,Intel Core i7-4770K,5/1/2013,4,8,5,3500,3900,8192,33554432,72.72
15,Intel Core i7-4770S,5/1/2013,4,8,5,3100,3900,8192,33554432,71.35
16,Intel Core i7-4770T,5/1/2013,4,8,5,2500,3700,8192,33554432,71.45
17,Intel Core i7-4700MQ,5/1/2013,4,8,5,2400,3400,6144,33554432,100
18,Intel Core i7-4900MQ,5/1/2013,4,8,5,2800,3800,8192,33554432,100
19,Intel Core i7-4700HQ,5/1/2013,4,8,5,2400,3400,6144,33554432,100
20,Intel Core i7-4702HQ,5/1/2013,4,8,5,2200,3200,6144,33554432,100
21,Intel Core i5-4570R,5/1/2013,4,4,5,2700,3200,4096,33554432,
22,Intel Core i5-4670R,5/1/2013,4,4,5,3000,3700,4096,33554432,
23,Intel Core i5-4430,5/1/2013,4,4,5,3000,3200,6144,33554432,72.72
24,Intel Core i5-4570TE,5/1/2013,2,4,5,2700,3300,4096,33554432,66.35
25,Intel Core i5-4670T,5/1/2013,4,4,5,2300,3300,6144,33554432,71.45
26,Intel Core i5-4430S,5/1/2013,4,4,5,2700,3200,6144,33554432,71.35
27,Intel Core i5-4670S,5/1/2013,4,4,5,3100,3800,6144,33554432,71.35
28,Intel Core i5-4670K,5/1/2013,4,4,5,3400,3800,6144,33554432,72.72
29,Intel Core i5-4570,5/1/2013,4,4,5,3200,3600,6144,33554432,72.72
30,Intel Core i5-4570S,5/1/2013,4,4,5,2900,3600,6144,33554432,71.35
31,Intel Core i5-4570T,5/1/2013,2,4,5,2900,3600,4096,33554432,66.35
32,Intel Core i5-4670,5/1/2013,4,4,5,3400,3800,6144,33554432,72.72
33,Intel Core i7-4800MQ,5/1/2013,4,8,5,2700,3700,6144,33554432,100
34,Intel Core i7-4700EQ,5/1/2013,4,8,5,2400,3400,6144,33554432,100
35,Intel Core i7-4770TE,5/1/2013,4,8,5,2300,3300,8192,33554432,71.45
36,Intel Core i7-4770R,5/1/2013,4,8,5,3200,3900,6144,33554432,
37,Intel Core i7-4930MX,5/1/2013,4,8,5,3000,3900,8192,33554432,100
38,Intel Atom C2338,8/1/2013,2,2,,1700,2000,1024,16777216,
39,Intel Atom C2350,8/1/2013,2,2,,1700,2000,1024,16777216,98
40,Intel Atom C2358,8/1/2013,2,2,,1700,2000,1024,16777216,
41,Intel Atom C2518,8/1/2013,4,4,,1700,,2048,33554432,
42,Intel Core i5-4250U,8/1/2013,2,4,5,1300,2600,3072,16777216,100
43,Intel Core i5-4288U,8/1/2013,2,4,5,2600,3100,3072,16777216,100
44,Intel Core i5-4210Y,8/1/2013,2,4,5,1500,1900,3072,16777216,100
45,Intel Core i5-4258U,8/1/2013,2,4,5,2400,2900,3072,16777216,100
46,Intel Core i5-4200Y,8/1/2013,2,4,5,1400,1900,3072,16777216,100
47,Intel Core i5-4200U,8/1/2013,2,4,5,1600,2600,3072,16777216,100
48,Intel Core i5-4350U,8/1/2013,2,4,5,1400,2900,3072,16777216,100
49,Intel Core i5-4300Y,8/1/2013,2,4,5,1600,2300,3072,16777216,100
50,Intel Core i5-4302Y,8/1/2013,2,4,5,1600,2300,3072,16777216,100
51,Intel Core i5-4202Y,8/1/2013,2,4,5,1600,2000,3072,16777216,100
52,Intel Core i5-4300U,8/1/2013,2,4,5,1900,2900,3072,16777216,100
53,Intel Core i5-4402E,8/1/2013,2,4,5,1600,2700,3072,16777216,100
54,Intel Core i5-4440S,8/1/2013,4,4,5,2800,3300,6144,33554432,71.35
55,Intel Core i5-4440,8/1/2013,4,4,5,3100,3300,6144,33554432,72.72
56,Intel Core i7-4500U,8/1/2013,2,4,5,1800,3000,4096,16777216,100
57,Intel Core i7-4558U,8/1/2013,2,4,5,2800,3300,4096,16777216,100
58,Intel Core i7-4650U,8/1/2013,2,4,5,1700,3300,4096,16777216,100
59,Intel Core i7-4550U,8/1/2013,2,4,5,1500,3000,4096,16777216,100
60,Intel Core i7-4950HQ,8/1/2013,4,8,5,2400,3600,6144,33554432,100
61,Intel Core i7-4850HQ,8/1/2013,4,8,5,2300,3500,6144,33554432,100
62,Intel Core i7-4750HQ,8/1/2013,4,8,5,2000,3200,6144,33554432,100
63,Intel Core i7-4850EQ,8/1/2013,4,8,5,1600,3200,6144,33554432,100
64,Intel Core i7-4860EQ,8/1/2013,4,8,5,1800,3200,6144,33554432,100
65,Intel Core i7-4610Y,8/1/2013,2,4,5,1700,2900,4096,16777216,100
66,Intel Core i7-4600U,8/1/2013,2,4,5,2100,3300,4096,16777216,100
67,Intel Core i7-4771,8/1/2013,4,8,5,3500,3900,8192,33554432,72
68,Intel Core i7-4701EQ,8/1/2013,4,8,5,2400,3400,6144,33554432,100
69,Intel Celeron J1850,8/1/2013,4,4,,2000,,2048,8388608,100
70,Intel Celeron J1750,8/1/2013,2,2,,2410,,1024,8388608,100
71,Intel Core i3-4010U,8/1/2013,2,4,5,1700,,3072,16777216,100
72,Intel Core i3-4100U,8/1/2013,2,4,5,1800,,3072,16777216,100
73,Intel Core i3-4010Y,8/1/2013,2,4,5,1300,,3072,16777216,100
74,Intel Core i3-4158U,8/1/2013,2,4,5,2000,,3072,16777216,100
75,Intel Core i3-4330TE,8/1/2013,2,4,5,2400,,4096,33554432,72
76,Intel Core i3-4340,8/1/2013,2,4,5,3600,,4096,33554432,66.8
77,Intel Core i3-4330T,8/1/2013,2,4,5,3000,,4096,33554432,66.4
78,Intel Core i3-4330,8/1/2013,2,4,5,3500,,4096,33554432,66.8
79,Intel Celeron N2910,8/1/2013,4,4,,1600,,2048,9216983.04,100
80,Intel Celeron N2810,8/1/2013,2,2,,2000,,1024,8388608,100
81,Intel Celeron N2805,8/1/2013,2,2,,1460,,1024,4194304,80
82,Intel Core i3-4130T,8/1/2013,2,4,5,2900,,3072,33554432,66.4
83,Intel Core i3-4130,8/1/2013,2,4,5,3400,,3072,33554432,72
84,Intel Core i3-4020Y,8/1/2013,2,4,5,1500,,3072,16777216,100
85,Intel Core i3-4012Y,8/1/2013,2,4,5,1500,,3072,16777216,100
86,Intel Core i3-4102E,8/1/2013,2,4,5,1600,,3072,16777216,100
87,Intel Core i3-4100E,8/1/2013,2,4,5,2400,,3072,16777216,100
88,Intel Core i3-4005U,8/1/2013,2,4,5,1700,,3072,16777216,100
89,Intel Atom C2530,8/1/2013,4,4,,1700,2400,2048,33554432,97
90,Intel Atom C2538,8/1/2013,4,4,,2400,,2048,67108864,
91,Intel Atom C2550,8/1/2013,4,4,,2400,2600,2048,67108864,96
92,Intel Atom C2558,8/1/2013,4,4,,2400,,2048,67108864,
93,Intel Atom C2718,8/1/2013,8,8,,2000,,4096,33554432,
94,Intel Atom C2730,8/1/2013,8,8,,1700,2400,4096,33554432,97
95,Intel Atom C2738,8/1/2013,8,8,,2400,,4096,67108864,
96,Intel Atom C2758,8/1/2013,8,8,,2400,,4096,67108864,
97,Intel Atom C2750,8/1/2013,8,8,,2400,2600,4096,67108864,97
98,Intel Celeron G1620T,8/1/2013,2,2,5,2400,,2048,33554432,
99,Intel Celeron G1630,8/1/2013,2,2,5,2800,,2048,33554432,
100,Intel Core i7-4820K,8/1/2013,4,8,5,3700,3900,10240,67108864,66.8
101,Intel Core i7-4930K,8/1/2013,6,12,5,3400,3900,12288,67108864,66.8
102,Intel Core i7-4960X,8/1/2013,6,12,5,3600,4000,15360,67108864,66.8
103,Intel Core i5-4200M,11/1/2013,2,4,5,2500,3100,3072,33554432,100
104,Intel Core i5-4330M,11/1/2013,2,4,5,2800,3500,3072,33554432,100
105,Intel Core i5-4300M,11/1/2013,2,4,5,2600,3300,3072,33554432,100
106,Intel Core i5-4200H,11/1/2013,2,4,5,2800,3400,3072,33554432,100
107,Intel Core i7-4600M,11/1/2013,2,4,5,2900,3600,4096,33554432,100
108,Intel Core i7-4960HQ,11/1/2013,4,8,5,2600,3800,6144,33554432,100
109,Intel Celeron J1900,11/1/2013,4,4,,2000,,2048,8388608,105
110,Intel Celeron J1800,11/1/2013,2,2,,2410,,1024,8388608,105
111,Intel Celeron N2806,11/1/2013,2,2,,1600,,1024,4194304,105
112,Intel Celeron N2815,11/1/2013,2,2,,1860,,1024,8388608,105
113,Intel Celeron N2820,11/1/2013,2,2,,2130,,1024,8388608,105
114,Intel Core i3-4100M,11/1/2013,2,4,5,2500,,3072,33554432,100
115,Intel Core i3-4000M,11/1/2013,2,4,5,2400,,3072,33554432,100
116,Intel Core i7-4810MQ,2/1/2014,4,8,5,2800,3800,6144,33554432,100
117,Intel Core i5-4360U,2/1/2014,2,4,5,1500,3000,3072,16777216,100
118,Intel Core i5-4310M,2/1/2014,2,4,5,2700,3400,3072,33554432,100
119,Intel Core i5-4310U,2/1/2014,2,4,5,2000,3000,3072,16777216,100
120,Intel Core i5-4340M,2/1/2014,2,4,5,2900,3600,3072,33554432,100
121,Intel Core i5-4402EC,2/1/2014,2,4,5,2500,,4096,33554432,100
122,Intel Core i7-4610M,2/1/2014,2,4,5,3000,3700,4096,33554432,100
123,Intel Core i7-4910MQ,2/1/2014,4,8,5,2900,3900,8192,33554432,100
124,Intel Core i7-4860HQ,2/1/2014,4,8,5,2400,3600,6144,33554432,100
125,Intel Core i7-4702EC,2/1/2014,4,8,5,2000,,8192,33554432,100
126,Intel Core i7-4700EC,2/1/2014,4,8,5,2700,,8192,33554432,100
127,Intel Celeron N2930,2/1/2014,4,4,,1830,,2048,8388608,100
128,Intel Celeron N2830,2/1/2014,2,2,,2160,,1024,8388608,100
129,Intel Celeron N2807,2/1/2014,2,2,,1580,,1024,4194304,105
130,Intel Celeron G1830,2/1/2014,2,2,5,2800,,2048,33554432,72
131,Intel Celeron G1820T,2/1/2014,2,2,5,2400,,2048,33554432,66.4
132,Intel Celeron G1820,2/1/2014,2,2,5,2700,,2048,33554432,72
133,Intel Celeron G1820TE,2/1/2014,2,2,5,2200,,2048,33554432,
134,Intel Core i7-4940MX,2/1/2014,4,8,5,3100,4000,8192,33554432,100
135,Intel Core i5-4260U,5/1/2014,2,4,5,1400,2700,3072,16777216,100
136,Intel Core i5-4410E,5/1/2014,2,4,5,2900,,3072,16777216,100
137,Intel Core i5-4422E,5/1/2014,2,4,5,1800,2900,3072,16777216,100
138,Intel Core i5-4210M,5/1/2014,2,4,5,2600,3200,3072,33554432,100
139,Intel Core i5-4210U,5/1/2014,2,4,5,1700,2700,3072,16777216,100
140,Intel Core i5-4220Y,5/1/2014,2,4,5,1600,2000,3072,16777216,100
141,Intel Core i5-4460T,5/1/2014,4,4,5,1900,2700,6144,33554432,66.35
142,Intel Core i5-4590T,5/1/2014,4,4,5,2000,3000,6144,33554432,66.35
143,Intel Core i5-4690T,5/1/2014,4,4,5,2500,3500,6144,33554432,71.45
144,Intel Core i5-4590,5/1/2014,4,4,5,3300,3700,6144,33554432,72.72
145,Intel Core i5-4590S,5/1/2014,4,4,5,3000,3700,6144,33554432,71.35
146,Intel Core i5-4460,5/1/2014,4,4,5,3200,3400,6144,33554432,72.72
147,Intel Core i5-4460S,5/1/2014,4,4,5,2900,3400,6144,33554432,71.35
148,Intel Core i5-4690S,5/1/2014,4,4,5,3200,3900,6144,33554432,71.35
149,Intel Core i5-4690K,5/1/2014,4,4,5,3500,3900,6144,33554432,72.72
150,Intel Core i7-4710HQ,5/1/2014,4,8,5,2500,3500,6144,33554432,100
151,Intel Core i7-4710MQ,5/1/2014,4,8,5,2500,3500,6144,33554432,100
152,Intel Core i7-4712HQ,5/1/2014,4,8,5,2300,3300,6144,33554432,100
153,Intel Core i7-4712MQ,5/1/2014,4,8,5,2300,3300,6144,33554432,100
154,Intel Core i7-4760HQ,5/1/2014,4,8,5,2100,3300,6144,33554432,100
155,Intel Core i7-4510U,5/1/2014,2,4,5,2000,3100,4096,16777216,100
156,Intel Core i7-4790,5/1/2014,4,8,5,3600,4000,8192,33554432,72.72
157,Intel Core i7-4790S,5/1/2014,4,8,5,3200,4000,8192,33554432,71.35
158,Intel Core i7-4790T,5/1/2014,4,8,5,2700,3900,8192,33554432,71.45
159,Intel Core i7-4785T,5/1/2014,4,8,5,2200,3200,8192,33554432,66.35
160,Intel Core i7-4790K,5/1/2014,4,8,5,4000,4400,8192,33554432,74.04
161,Intel Core i3-4030Y,5/1/2014,2,4,5,1600,,3072,16777216,100
162,Intel Core i3-4110E,5/1/2014,2,4,5,2600,,3072,33554432,100
163,Intel Core i3-4112E,5/1/2014,2,4,5,1800,,3072,33554432,100
164,Intel Core i3-4120U,5/1/2014,2,4,5,2000,,3072,16777216,100
165,Intel Core i3-4030U,5/1/2014,2,4,5,1900,,3072,16777216,100
166,Intel Core i3-4025U,5/1/2014,2,4,5,1900,,3072,16777216,100
167,Intel Core i3-4110M,5/1/2014,2,4,5,2600,,3072,33554432,100
168,Intel Core i3-4350,5/1/2014,2,4,5,3600,,4096,33554432,72
169,Intel Core i3-4360,5/1/2014,2,4,5,3700,,4096,33554432,72
170,Intel Core i3-4340TE,5/1/2014,2,4,5,2600,,4096,33554432,72
171,Intel Core i3-4150T,5/1/2014,2,4,5,3000,,3072,33554432,66.4
172,Intel Core i3-4150,5/1/2014,2,4,5,3500,,3072,33554432,72
173,Intel Core i3-4350T,5/1/2014,2,4,5,3100,,4096,33554432,66.4
174,Intel Atom C2508,5/1/2014,4,4,,1250,,2048,33554432,85
175,Intel Atom C2308,5/1/2014,2,2,,1250,,1024,16777216,85
176,Intel Celeron G1840T,5/1/2014,2,2,5,2500,,2048,33554432,66.4
177,Intel Celeron G1840,5/1/2014,2,2,5,2800,,2048,33554432,72
178,Intel Celeron G1850,5/1/2014,2,2,5,2900,,2048,33554432,72
179,Intel Core i5-4210H,8/1/2014,2,4,5,2900,3500,3072,33554432,100
180,Intel Core i5-4278U,8/1/2014,2,4,5,2600,3100,3072,16777216,100
181,Intel Core i5-4308U,8/1/2014,2,4,5,2800,3300,3072,16777216,100
182,Intel Core i7-4870HQ,8/1/2014,4,8,5,2500,3700,6144,33554432,100
183,Intel Core i7-4578U,8/1/2014,2,4,5,3000,3500,4096,16777216,100
184,Intel Core i7-4770HQ,8/1/2014,4,8,5,2200,3400,6144,33554432,100
185,Intel Core i7-4980HQ,8/1/2014,4,8,5,2800,4000,6144,33554432,100
186,Intel Celeron N2940,8/1/2014,4,4,,1830,,2048,8388608,100
187,Intel Celeron N2840,8/1/2014,2,2,,2160,,1024,8388608,100
188,Intel Celeron N2808,8/1/2014,2,2,,1580,,1024,4194304,100
189,Intel Core i3-4360T,8/1/2014,2,4,5,3200,,4096,33554432,66.4
190,Intel Core i3-4370,8/1/2014,2,4,5,3800,,4096,33554432,66.4
191,Intel Core i3-4160T,8/1/2014,2,4,5,3100,,3072,33554432,66.4
192,Intel Core i3-4160,8/1/2014,2,4,5,3600,,3072,33554432,72
193,Intel Core i7-5820K,8/1/2014,6,12,0,3300,3600,15360,67108864,66.8
194,Intel Core i7-5930K,8/1/2014,6,12,0,3500,3700,15360,67108864,66.8
195,Intel Core i7-5960X,8/1/2014,8,16,0,3000,3500,20480,67108864,66.8
196,Intel Core i7-4720HQ,2/1/2015,4,8,5,2600,3600,6144,33554432,100
197,Intel Core i7-4722HQ,2/1/2015,4,8,5,2400,3400,6144,33554432,100
198,Intel Core i7-5550U,2/1/2015,2,4,5,2000,3000,4096,16777216,105
199,Intel Core i7-5557U,2/1/2015,2,4,5,3100,3400,4096,16777216,105
200,Intel Core i7-5650U,2/1/2015,2,4,5,2200,3100,4096,16777216,105
201,Intel Core i7-5500U,2/1/2015,2,4,5,2400,3000,4096,16777216,105
202,Intel Core i7-5600U,2/1/2015,2,4,5,2600,3200,4096,16777216,105
203,Intel Core i5-5300U,2/1/2015,2,4,5,2300,2900,3072,16777216,105
204,Intel Core i5-5200U,2/1/2015,2,4,5,2200,2700,3072,16777216,105
205,Intel Core i5-5350U,2/1/2015,2,4,5,1800,2900,3072,16777216,105
206,Intel Core i5-5287U,2/1/2015,2,4,5,2900,3300,3072,16777216,105
207,Intel Core i5-5250U,2/1/2015,2,4,5,1600,2700,3072,16777216,105
208,Intel Core i5-5257U,2/1/2015,2,4,5,2700,3100,3072,16777216,105
209,Intel Celeron N3050,2/1/2015,2,2,,1600,,2048,8388608,90
210,Intel Celeron N3150,2/1/2015,4,4,,1600,,2048,8388608,90
211,Intel Celeron N3000,2/1/2015,2,2,,1040,,2048,8388608,90
212,Intel Core i3-4170,2/1/2015,2,4,5,3700,,3072,33554432,72
213,Intel Core i3-4370T,2/1/2015,2,4,5,3300,,4096,33554432,66.4
214,Intel Core i3-4170T,2/1/2015,2,4,5,3200,,3072,33554432,66.4
215,Intel Core i3-5010U,2/1/2015,2,4,5,2100,,3072,16777216,105
216,Intel Core i3-5005U,2/1/2015,2,4,5,2000,,3072,16777216,105
217,Intel Core i3-5157U,2/1/2015,2,4,5,2500,,3072,16777216,105
218,Intel Core i3-5015U,2/1/2015,2,4,5,2100,,3072,16777216,105
219,Intel Core i3-5020U,2/1/2015,2,4,5,2200,,3072,16777216,105
220,Intel Xeon D-1540,2/1/2015,8,16,,2000,2600,12288,134217728,80
221,Intel Xeon D-1520,2/1/2015,4,8,,2200,2600,6144,134217728,80
222,Intel Core i7-5850EQ,5/1/2015,4,8,5,2700,3400,6144,33554432,105
223,Intel Core i5-5350H,5/1/2015,2,4,5,3100,3500,4096,33554432,105
224,Intel Core i5-5575R,5/1/2015,4,,5,2800,3300,4096,33554432,
225,Intel Core i5-5675R,5/1/2015,4,,5,3100,3600,4096,33554432,
226,Intel Core i5-5675C,5/1/2015,4,,5,3100,3600,4096,33554432,
227,Intel Core i7-5700EQ,5/1/2015,4,8,5,2600,3400,6144,33554432,105
228,Intel Core i7-5775C,5/1/2015,4,8,5,3300,3700,6144,33554432,
229,Intel Core i7-5850HQ,5/1/2015,4,8,5,2700,3600,6144,33554432,105
230,Intel Core i7-5775R,5/1/2015,4,8,5,3300,3800,6144,33554432,
231,Intel Core i7-5750HQ,5/1/2015,4,8,5,2500,3400,6144,33554432,105
232,Intel Core i7-5700HQ,5/1/2015,4,8,5,2700,3500,6144,33554432,105
233,Intel Core i7-5950HQ,5/1/2015,4,8,5,2900,3800,6144,33554432,105
234,Intel Core i7-6700,8/1/2015,4,8,8,3400,4000,8192,67108864,71
235,Intel Core i5-6600K,8/1/2015,4,4,8,3500,3900,6144,67108864,64
236,Intel Core i5-6600,8/1/2015,4,4,8,3300,3900,6144,67108864,71
237,Intel Core i5-6400T,8/1/2015,4,4,8,2200,2800,6144,67108864,66
238,Intel Core i5-6400,8/1/2015,4,4,8,2700,3300,6144,67108864,71
239,Intel Core i5-6500T,8/1/2015,4,4,8,2500,3100,6144,67108864,66
240,Intel Core i5-6600T,8/1/2015,4,4,8,2700,3500,6144,67108864,66
241,Intel Core i5-6500,8/1/2015,4,4,8,3200,3600,6144,67108864,71
242,Intel Core i5-6267U,8/1/2015,2,4,4,2900,3300,4096,33554432,100
243,Intel Core i5-6260U,8/1/2015,2,4,4,1800,2900,4096,33554432,100
244,Intel Core i5-6360U,8/1/2015,2,4,4,2000,3100,4096,33554432,100
245,Intel Core i5-6440HQ,8/1/2015,4,4,8,2600,3500,6144,67108864,100
246,Intel Core i5-6300HQ,8/1/2015,4,4,8,2300,3200,6144,67108864,100
247,Intel Core i5-6300U,8/1/2015,2,4,4,2400,3000,3072,33554432,100
248,Intel Core i5-6200U,8/1/2015,2,4,4,2300,2800,3072,33554432,100
249,Intel Core i5-6287U,8/1/2015,2,4,4,3100,3500,4096,33554432,100
250,Intel Core i7-6567U,8/1/2015,2,4,4,3300,3600,4096,33554432,100
251,Intel Core i7-6700K,8/1/2015,4,8,8,4000,4200,8192,67108864,64
252,Intel Core i7-6700T,8/1/2015,4,8,8,2800,3600,8192,67108864,66
253,Intel Core i7-6650U,8/1/2015,2,4,4,2200,3400,4096,33554432,100
254,Intel Core i7-6600U,8/1/2015,2,4,4,2600,3400,4096,33554432,100
255,Intel Core i7-6560U,8/1/2015,2,4,4,2200,3200,4096,33554432,100
256,Intel Core i7-6920HQ,8/1/2015,4,8,8,2900,3800,8192,67108864,100
257,Intel Core i7-6820HQ,8/1/2015,4,8,8,2700,3600,8192,67108864,100
258,Intel Core i7-6820HK,8/1/2015,4,8,8,2700,3600,8192,67108864,100
259,Intel Core i7-6700HQ,8/1/2015,4,8,8,2600,3500,6144,67108864,100
260,Intel Core i7-6500U,8/1/2015,2,4,4,2500,3100,4096,33554432,100
261,Intel Core i3-6300,8/1/2015,2,4,8,3800,,4096,67108864,65
262,Intel Core i3-6320,8/1/2015,2,4,8,3900,,4096,67108864,65
263,Intel Core i3-6100T,8/1/2015,2,4,8,3200,,3072,67108864,66
264,Intel Core i3-6300T,8/1/2015,2,4,8,3300,,4096,67108864,66
265,Intel Core i3-6167U,8/1/2015,2,4,4,2700,,3072,33554432,100
266,Intel Core i3-6100U,8/1/2015,2,4,4,2300,,3072,33554432,100
267,Intel Core i3-6100H,8/1/2015,2,4,8,2700,,3072,67108864,100
268,Intel Core i5-6440EQ,11/1/2015,4,4,8,2700,3400,6144,67108864,100
269,Intel Core i5-6442EQ,11/1/2015,4,4,8,1900,2700,6144,67108864,100
270,Intel Core i5-6500TE,11/1/2015,4,4,8,2300,3300,6144,67108864,
271,Intel Core i5-6402P,11/1/2015,4,4,8,2800,3400,6144,67108864,71
272,Intel Core i5-6198DU,11/1/2015,2,4,,2300,2800,3072,33554432,100
273,Intel Core i7-6820EQ,11/1/2015,4,8,8,2800,3500,8192,67108864,100
274,Intel Core i7-6822EQ,11/1/2015,4,8,8,2000,2800,8192,67108864,100
275,Intel Core i7-6700TE,11/1/2015,4,8,8,2400,3400,8192,67108864,
276,Intel Core i7-6498DU,11/1/2015,2,4,,2500,3100,4096,33554432,100
277,Intel Core i3-6100TE,11/1/2015,2,4,8,2700,,4096,67108864,
278,Intel Core i3-6100E,11/1/2015,2,4,8,2700,,3072,67108864,100
279,Intel Core i3-6098P,11/1/2015,2,4,8,3600,,3072,67108864,66
280,Intel Celeron G3900,11/1/2015,2,2,8,2800,,2048,67108864,
281,Intel Celeron G3900T,11/1/2015,2,2,8,2600,,2048,67108864,
282,Intel Celeron G3920,11/1/2015,2,2,8,2900,,2048,67108864,
283,Intel Celeron G3900TE,11/1/2015,2,2,8,2300,,2048,67108864,
284,Intel Xeon D-1527,11/1/2015,4,8,,2200,2700,6144,134217728,
285,Intel Xeon D-1537,11/1/2015,8,16,,1700,2300,12288,134217728,
286,Intel Xeon D-1528,11/1/2015,6,12,,1900,2500,9216,134217728,
287,Intel Xeon D-1541,11/1/2015,8,16,,2100,2700,12288,134217728,
288,Intel Xeon D-1518,11/1/2015,4,8,,2200,2200,6144,134217728,
289,Intel Xeon D-1521,11/1/2015,4,8,,2400,2700,6144,134217728,
290,Intel Xeon D-1548,11/1/2015,8,16,,2000,2600,12288,134217728,
291,Intel Xeon D-1531,11/1/2015,6,12,,2200,2700,9216,134217728,
292,Intel Celeron J3160,2/1/2016,4,4,,1600,,2048,8388608,90
293,Intel Celeron J3060,2/1/2016,2,2,,1600,,2048,8388608,90
294,Intel Core i5-6350HQ,2/1/2016,4,4,8,2300,3200,6144,67108864,100
295,Intel Core i7-6970HQ,2/1/2016,4,8,8,2800,3700,8192,67108864,100
296,Intel Core i7-6870HQ,2/1/2016,4,8,8,2700,3600,8192,67108864,100
297,Intel Core i7-6770HQ,2/1/2016,4,8,8,2600,3500,6144,67108864,100
298,Intel Core i7-6660U,2/1/2016,2,4,4,2400,3400,4096,33554432,100
299,Intel Celeron N3060,2/1/2016,2,2,,1600,,2048,8388608,90
300,Intel Celeron N3160,2/1/2016,4,4,,1600,,2048,8388608,90
301,Intel Celeron N3010,2/1/2016,2,2,,1040,,2048,8388608,90
302,Intel Celeron G3900E,2/1/2016,2,2,8,2400,,2048,67108864,100
303,Intel Celeron G3902E,2/1/2016,2,2,8,1600,,2048,67108864,100
304,Intel Xeon D-1577,2/1/2016,16,32,,1300,2100,24576,134217728,
305,Intel Xeon D-1571,2/1/2016,16,32,,1300,2100,24576,134217728,
306,Intel Xeon D-1581,2/1/2016,16,32,,1800,2400,24576,134217728,
307,Intel Xeon D-1587,2/1/2016,16,32,,1700,2300,24576,134217728,
308,Intel Xeon D-1567,2/1/2016,12,24,,2100,2700,18432,134217728,
309,Intel Xeon D-1557,2/1/2016,12,24,,1500,2100,18432,134217728,
310,Intel Core i5-6585R,5/1/2016,4,4,8,2800,3600,6144,67108864,71
311,Intel Core i5-6685R,5/1/2016,4,4,8,3200,3800,6144,67108864,71
312,Intel Core i7-6785R,5/1/2016,4,8,8,3300,3900,8192,67108864,71
313,Intel Core i7-6850K,5/1/2016,6,12,,3600,3800,15360,134217728,67.2
314,Intel Core i7-6800K,5/1/2016,6,12,,3400,3600,15360,134217728,67.2
315,Intel Core i7-6900K,5/1/2016,8,16,,3200,3700,20480,134217728,67.2
316,Intel Core i7-6950X,5/1/2016,10,20,,3000,3500,25600,134217728,67.3
317,Intel Xeon D-1539,5/1/2016,8,16,,1600,2200,12288,134217728,85
318,Intel Xeon D-1529,5/1/2016,4,8,,1300,1300,6144,134217728,85
319,Intel Xeon D-1559,5/1/2016,12,24,,1500,2100,18432,134217728,85
320,Intel Celeron J3355,8/1/2016,2,2,,2000,,2048,8388608,105
321,Intel Celeron J3455,8/1/2016,4,4,,1500,,2048,8388608,105
322,Intel Core i5-7200U,8/1/2016,2,4,4,2500,3100,3072,33554432,100
323,Intel Core i5-7Y54,8/1/2016,2,4,4,1200,3200,4096,16777216,100
324,Intel Core i7-7Y75,8/1/2016,2,4,4,1300,3600,4096,16777216,100
325,Intel Core i7-7500U,8/1/2016,2,4,4,2700,3500,4096,33554432,100
326,Intel Celeron N3450,8/1/2016,4,4,,1100,,2048,8388608,105
327,Intel Celeron N3350,8/1/2016,2,2,,1100,,2048,8388608,105
328,Intel Core i3-6157U,8/1/2016,2,4,4,2400,,3072,33554432,100
329,Intel Core i3-7100U,8/1/2016,2,4,4,2400,,3072,33554432,100
330,Intel Core i3-6006U,11/1/2016,2,4,4,2000,,3072,33554432,100
331,Intel Core i5-7360U,2/1/2017,2,4,4,2300,3600,4096,33554432,100
332,Intel Core i5-7442EQ,2/1/2017,4,4,,2100,2900,6144,67108864,100
333,Intel Core i5-7287U,2/1/2017,2,4,4,3300,3700,4096,33554432,100
334,Intel Core i5-7267U,2/1/2017,2,4,4,3100,3500,4096,33554432,100
335,Intel Core i5-7440EQ,2/1/2017,4,4,8,2900,3600,6144,67108864,100
336,Intel Core i5-7300U,2/1/2017,2,4,4,2600,3500,3072,33554432,100
337,Intel Core i5-7Y57,2/1/2017,2,4,4,1200,3300,4096,16777216,100
338,Intel Core i5-7260U,2/1/2017,2,4,,2200,3400,4096,33554432,100
339,Intel Core i5-7300HQ,2/1/2017,4,4,8,2500,3500,6144,67108864,100
340,Intel Core i5-7400T,2/1/2017,4,4,8,2400,3000,6144,67108864,80
341,Intel Core i5-7600T,2/1/2017,4,4,8,2800,3700,6144,67108864,80
342,Intel Core i5-7600,2/1/2017,4,4,8,3500,4100,6144,67108864,100
343,Intel Core i5-7400,2/1/2017,4,4,8,3000,3500,6144,67108864,100
344,Intel Core i5-7600K,2/1/2017,4,4,8,3800,4200,6144,67108864,100
345,Intel Core i5-7500,2/1/2017,4,4,8,3400,3800,6144,67108864,100
346,Intel Core i5-7500T,2/1/2017,4,4,8,2700,3300,6144,67108864,80
347,Intel Core i5-7440HQ,2/1/2017,4,4,8,2800,3800,6144,67108864,100
348,Intel Core i7-7700T,2/1/2017,4,8,8,2900,3800,8192,67108864,80
349,Intel Core i7-7820EQ,2/1/2017,4,8,,3000,3700,8192,67108864,100
350,Intel Core i7-7700,2/1/2017,4,8,8,3600,4200,8192,67108864,100
351,Intel Core i7-7700K,2/1/2017,4,8,8,4200,4500,8192,67108864,100
352,Intel Core i7-7700HQ,2/1/2017,4,8,8,2800,3800,6144,67108864,100
353,Intel Core i7-7920HQ,2/1/2017,4,8,8,3100,4100,8192,67108864,100
354,Intel Core i7-7820HK,2/1/2017,4,8,8,2900,3900,8192,67108864,100
355,Intel Core i7-7600U,2/1/2017,2,4,4,2800,3900,4096,33554432,100
356,Intel Core i7-7820HQ,2/1/2017,4,8,8,2900,3900,8192,67108864,100
357,Intel Core i7-7660U,2/1/2017,2,4,4,2500,4000,4096,33554432,100
358,Intel Core i7-7560U,2/1/2017,2,4,,2400,3800,4096,33554432,100
359,Intel Core i7-7567U,2/1/2017,2,4,4,3500,4000,4096,33554432,100
360,Intel Core i3-7102E,2/1/2017,2,4,,2100,,3072,67108864,100
361,Intel Core i3-7101TE,2/1/2017,2,4,8,3400,,3072,67108864,88
362,Intel Core i3-7100H,2/1/2017,2,4,8,3000,,3072,67108864,100
363,Intel Core i3-7101E,2/1/2017,2,4,,3900,,3072,67108864,100
364,Intel Core i3-7100E,2/1/2017,2,4,,2900,,3072,67108864,100
365,Intel Core i3-7100,2/1/2017,2,4,8,3900,,3072,67108864,100
366,Intel Core i3-7300T,2/1/2017,2,4,8,3500,,4096,67108864,92
367,Intel Atom C3338,2/1/2017,2,2,,1500,2200,4096,134217728,89
368,Intel Pentium Gold 4410Y,2/1/2017,2,4,4,1500,,2048,16777216,100
369,Intel Pentium Gold 4415U,2/1/2017,2,4,4,2300,,2048,33554432,100
370,Intel Core i3-7300,2/1/2017,2,4,8,4000,,4096,67108864,100
371,Intel Core i3-7320,2/1/2017,2,4,8,4100,,4096,67108864,100
372,Intel Core i3-7100T,2/1/2017,2,4,8,3400,,3072,67108864,92
373,Intel Core i3-7350K,2/1/2017,2,4,8,4200,,4096,67108864,100
374,Intel Core i3-7167U,2/1/2017,2,4,4,2800,,3072,33554432,100
375,Intel Celeron G3930,2/1/2017,2,2,8,2900,,2048,67108864,100
376,Intel Celeron G3930T,2/1/2017,2,2,8,2700,,2048,67108864,92
377,Intel Pentium Gold 4415Y,5/1/2017,2,4,4,1600,,2048,16777216,100
378,Intel Core i3-7130U,5/1/2017,2,4,4,2700,,3072,33554432,100
379,Intel Celeron G3930E,5/1/2017,2,2,,2900,,2048,67108864,100
380,Intel Celeron G3930TE,5/1/2017,2,2,,2700,,2048,67108864,88
381,Intel Core i7-7820X,5/1/2017,8,16,8,3600,4300,11264,134217728,99
382,Intel Core i7-7740X,5/1/2017,4,8,8,4300,4500,8192,67108864,100
383,Intel Core i7-7800X,5/1/2017,6,12,8,3500,4000,8448,134217728,100
384,Intel Core i9-7900X,5/1/2017,10,20,8,3300,4300,14080,134217728,95
385,Intel Core i5-7640X,5/1/2017,4,,8,4000,4200,6144,67108864,100
386,Intel Xeon Gold 6135,8/1/2017,8,16,,3400,4200,25600,805306368,
387,Intel Xeon Gold 6137,8/1/2017,8,16,,3900,4100,25600,805306368,
388,Intel Xeon Gold 6143,8/1/2017,16,32,,2800,4000,22528,805306368,74
389,Intel Xeon Gold 5117,8/1/2017,14,28,,2000,2800,19712,805306368,
390,Intel Xeon Gold 6132,8/1/2017,14,28,,2600,3700,19712,805306368,86
391,Intel Xeon Gold 6138T,8/1/2017,20,40,,2000,3700,28160,805306368,94
392,Intel Xeon Gold 6130T,8/1/2017,16,32,,2100,3700,22528,805306368,92
393,Intel Xeon Gold 6126T,8/1/2017,12,24,,2600,3700,19712,805306368,89
394,Intel Xeon Gold 6142F,8/1/2017,16,32,,2600,3700,22528,805306368,87
395,Intel Xeon Gold 6138F,8/1/2017,20,40,,2000,3700,28160,805306368,87
396,Intel Xeon Gold 6130F,8/1/2017,16,32,,2100,3700,22528,805306368,87
397,Intel Xeon Gold 6154,8/1/2017,18,36,,3000,3700,25344,805306368,82
398,Intel Xeon Gold 6148F,8/1/2017,20,40,,2400,3700,28160,805306368,87
399,Intel Xeon Gold 6146,8/1/2017,12,24,,3200,4200,25344,805306368,76
400,Intel Xeon Gold 6144,8/1/2017,8,16,,3500,4200,25344,805306368,75
401,Intel Xeon Gold 5117F,8/1/2017,14,28,,2000,2800,19712,805306368,81
402,Intel Xeon Gold 5119T,8/1/2017,14,28,,1900,3200,19712,805306368,90
403,Intel Xeon Gold 6126F,8/1/2017,12,24,,2600,3700,19712,805306368,86
404,Intel Xeon Gold 5120,8/1/2017,14,28,,2200,3200,19712,805306368,81
405,Intel Xeon Gold 5118,8/1/2017,12,24,,2300,3200,16896,805306368,81
406,Intel Xeon Gold 5122,8/1/2017,4,8,,3600,3700,16896,805306368,71
407,Intel Xeon Gold 6138,8/1/2017,20,40,,2000,3700,28160,805306368,86
408,Intel Xeon Gold 5120T,8/1/2017,14,28,,2200,3200,19712,805306368,89
409,Intel Xeon Gold 6136,8/1/2017,12,24,,3000,3700,25344,805306368,85
410,Intel Xeon Gold 6128,8/1/2017,6,12,,3400,3700,19712,805306368,74
411,Intel Xeon Gold 6126,8/1/2017,12,24,,2600,3700,19712,805306368,86
412,Intel Xeon Gold 6140,8/1/2017,18,36,,2300,3700,25344,805306368,91
413,Intel Xeon Gold 6140M,8/1/2017,18,36,,2300,3700,25344,1610612736,91
414,Intel Xeon Gold 6142,8/1/2017,16,32,,2600,3700,22528,805306368,85
415,Intel Xeon Gold 6142M,8/1/2017,16,32,,2600,3700,22528,1610612736,85
416,Intel Xeon Gold 6148,8/1/2017,20,40,,2400,3700,28160,805306368,86
417,Intel Xeon Gold 6150,8/1/2017,18,36,,2700,3700,25344,805306368,89
418,Intel Xeon Gold 6152,8/1/2017,22,44,,2100,3700,30976,805306368,92
419,Intel Xeon Gold 6130,8/1/2017,16,32,,2100,3700,22528,805306368,87
420,Intel Xeon Gold 6134,8/1/2017,8,16,,3200,3700,25344,805306368,79
421,Intel Xeon Gold 6134M,8/1/2017,8,16,,3200,3700,25344,1610612736,79
422,Intel Xeon Gold 5115,8/1/2017,10,20,,2400,3200,14080,805306368,76
423,Intel Core i5-8250U,8/1/2017,4,8,4,1600,3400,6144,33554432,100
424,Intel Core i5-8350U,8/1/2017,4,8,4,1700,3600,6144,33554432,100
425,Intel Core i7-8550U,8/1/2017,4,8,4,1800,4000,8192,33554432,100
426,Intel Core i7-8650U,8/1/2017,4,8,4,1900,4200,8192,33554432,100
427,Intel Xeon Platinum 8174,8/1/2017,24,48,,3100,3900,33792,805306368,65
428,Intel Xeon Platinum 8176F,8/1/2017,28,56,,2100,3800,39424,805306368,87
429,Intel Xeon Platinum 8160F,8/1/2017,24,48,,2100,3700,33792,805306368,87
430,Intel Xeon Platinum 8160T,8/1/2017,24,48,,2100,3700,33792,805306368,93
431,Intel Xeon Platinum 8176,8/1/2017,28,56,,2100,3800,39424,805306368,89
432,Intel Xeon Platinum 8170M,8/1/2017,26,52,,2100,3700,36608,1610612736,89
433,Intel Xeon Platinum 8170,8/1/2017,26,52,,2100,3700,36608,805306368,89
434,Intel Xeon Platinum 8176M,8/1/2017,28,56,,2100,3800,39424,1610612736,89
435,Intel Xeon Platinum 8168,8/1/2017,24,48,,2700,3700,33792,805306368,85
436,Intel Xeon Platinum 8164,8/1/2017,26,52,,2000,3700,36608,805306368,85
437,Intel Xeon Platinum 8160M,8/1/2017,24,48,,2100,3700,33792,1610612736,85
438,Intel Xeon Platinum 8160,8/1/2017,24,48,,2100,3700,33792,805306368,85
439,Intel Xeon Platinum 8158,8/1/2017,12,24,,3000,3700,25344,805306368,85
440,Intel Xeon Platinum 8156,8/1/2017,4,8,,3600,3700,16896,805306368,71
441,Intel Xeon Platinum 8180M,8/1/2017,28,56,,2500,3800,39424,1610612736,84
442,Intel Xeon Platinum 8180,8/1/2017,28,56,,2500,3800,39424,805306368,84
443,Intel Xeon Platinum 8153,8/1/2017,16,32,,2000,2800,22528,805306368,87
444,Intel Atom C2316,8/1/2017,2,2,,1500,,1024,16777216,100
445,Intel Atom C2516,8/1/2017,4,4,,1400,,2048,33554432,100
446,Intel Atom C3950,8/1/2017,16,16,,1700,2200,16384,268435456,78
447,Intel Atom C3808,8/1/2017,12,12,,2000,2000,12288,268435456,86
448,Intel Atom C3750,8/1/2017,8,8,,2200,2400,16384,268435456,84
449,Intel Atom C3558,8/1/2017,4,4,,2200,2200,8192,268435456,83
450,Intel Atom C3308,8/1/2017,2,2,,1600,2100,4096,134217728,89
451,Intel Atom C3708,8/1/2017,8,8,,1700,1700,16384,268435456,85
452,Intel Atom C3955,8/1/2017,16,16,,2100,2400,16384,268435456,78
453,Intel Atom C3850,8/1/2017,12,12,,2100,2400,12288,268435456,78
454,Intel Atom C3830,8/1/2017,12,12,,1900,2300,12288,268435456,85
455,Intel Atom C3508,8/1/2017,4,4,,1600,1600,8192,268435456,90
456,Intel Atom C3538,8/1/2017,4,4,,2100,2100,8192,268435456,87
457,Intel Atom C3958,8/1/2017,16,16,,2000,2000,16384,268435456,83
458,Intel Atom C3758,8/1/2017,8,8,,2200,2200,16384,268435456,82
459,Intel Atom C3858,8/1/2017,12,12,,2000,2000,12288,268435456,83
460,Intel Core i9-7920X,8/1/2017,12,24,8,2900,4300,16896,134217728,95
461,Intel Core i9-7980XE,8/1/2017,18,36,8,2600,4200,25344,134217728,94
462,Intel Core i9-7960X,8/1/2017,16,32,8,2800,4200,22528,134217728,98
463,Intel Core i9-7940X,8/1/2017,14,28,8,3100,4300,19712,134217728,102
464,Intel Xeon Silver 4108,8/1/2017,8,16,,1800,3000,11264,805306368,77
465,Intel Xeon Silver 4110,8/1/2017,8,16,,2100,3000,11264,805306368,77
466,Intel Xeon Silver 4109T,8/1/2017,8,16,,2000,3000,11264,805306368,90
467,Intel Xeon Silver 4114,8/1/2017,10,20,,2200,3000,14080,805306368,78
468,Intel Xeon Silver 4112,8/1/2017,4,8,,2600,3000,8448,805306368,76
469,Intel Xeon Silver 4114T,8/1/2017,10,20,,2200,3000,14080,805306368,92
470,Intel Xeon Silver 4116T,8/1/2017,12,24,,2100,3000,16896,805306368,91
471,Intel Xeon Silver 4116,8/1/2017,12,24,,2100,3000,16896,805306368,76
472,Intel Xeon Bronze 3104,8/1/2017,6,6,,1700,,8448,805306368,78
473,Intel Xeon Bronze 3106,8/1/2017,8,8,,1700,,11264,805306368,77
474,Intel Xeon W-2102,8/1/2017,4,4,0,2900,,8448,536870912,66
475,Intel Xeon W-2104,8/1/2017,4,4,0,3200,,8448,536870912,66
476,Intel Xeon W-2133,8/1/2017,6,12,8,3600,3900,8448,536870912,65
477,Intel Xeon W-2155,8/1/2017,10,20,8,3300,4500,14080,536870912,68
478,Intel Xeon W-2145,8/1/2017,8,16,8,3700,4500,11264,536870912,70
479,Intel Xeon W-2125,8/1/2017,4,8,8,4000,4500,8448,536870912,64
480,Intel Xeon W-2135,8/1/2017,6,12,8,3700,4500,8448,536870912,64
481,Intel Xeon W-2195,8/1/2017,18,36,8,2300,4300,25344,536870912,66
482,Intel Xeon W-2175,8/1/2017,14,28,8,2500,4300,19456,536870912,
483,Intel Xeon W-2123,8/1/2017,4,8,8,3600,3900,8448,536870912,65
484,Intel Xeon D-1553N,8/1/2017,8,16,,2300,2700,12288,134217728,105
485,Intel Xeon D-1533N,8/1/2017,6,12,,2100,2700,9216,134217728,
486,Intel Xeon D-1543N,8/1/2017,8,16,,1900,2500,12288,134217728,
487,Intel Xeon D-1523N,8/1/2017,4,8,,2000,2600,6144,134217728,
488,Intel Xeon D-1513N,8/1/2017,4,8,,1600,2200,6144,134217728,
489,Intel Celeron J4105,11/1/2017,4,4,,1500,,4096,8388608,105
490,Intel Celeron J4005,11/1/2017,2,2,,2000,,4096,8388608,105
491,Intel Celeron J4115,11/1/2017,4,4,,1800,,4096,8388608,105
492,Intel Core i5-8600K,11/1/2017,6,6,8,3600,4300,9216,134217728,100
493,Intel Core i5-8400,11/1/2017,6,6,8,2800,4000,9216,134217728,100
494,Intel Core i7-8700K,11/1/2017,6,12,8,3700,4700,12288,134217728,100
495,Intel Core i7-8700,11/1/2017,6,12,8,3200,4600,12288,134217728,100
496,Intel Celeron N4100,11/1/2017,4,4,,1100,,4096,8388608,105
497,Intel Celeron N4000,11/1/2017,2,2,,1100,,4096,8388608,105
498,Intel Xeon Platinum 8165,11/1/2017,24,48,,2300,3700,33792,805306368,
499,Intel Core i3-8100,11/1/2017,4,4,8,3600,,6144,67108864,100
500,Intel Core i3-8350K,11/1/2017,4,4,8,4000,,8192,67108864,100
501,Intel Pentium Silver N5000,11/1/2017,4,4,,1100,,4096,8388608,105
502,Intel Pentium Silver J5005,11/1/2017,4,4,,1500,,4096,8388608,105
503,Intel Core i7-8709G,2/1/2018,4,8,8,3100,4100,8192,67108864,100
504,Intel Core i5-8305G,2/1/2018,4,8,8,2800,3800,6144,67108864,100
505,Intel Core i7-8706G,2/1/2018,4,8,8,3100,4100,8192,67108864,100
506,Intel Core i7-8809G,2/1/2018,4,8,8,3100,4200,8192,67108864,100
507,Intel Core i7-8705G,2/1/2018,4,8,8,3100,4100,8192,67108864,100
508,Intel Core i3-8130U,2/1/2018,2,4,4,2200,3400,4096,33554432,100
509,Intel Xeon Silver 4123,2/1/2018,8,16,,3000,3200,11264,536870912,
510,Intel Xeon D-2166NT,2/1/2018,12,24,,2000,3000,17408,536870912,
511,Intel Xeon D-2187NT,2/1/2018,16,32,,2000,3000,22528,536870912,
512,Intel Xeon D-2183IT,2/1/2018,16,32,,2200,3000,22528,536870912,
513,Intel Xeon D-2123IT,2/1/2018,4,8,,2200,3000,8192,536870912,
514,Intel Xeon D-2191,2/1/2018,18,36,,1600,3000,25344,536870912,
515,Intel Xeon D-2143IT,2/1/2018,8,16,,2200,3000,11264,536870912,
516,Intel Xeon D-2141I,2/1/2018,8,16,,2200,3000,11264,536870912,
517,Intel Xeon D-2142IT,2/1/2018,8,16,,1900,3000,11264,536870912,
518,Intel Xeon D-2145NT,2/1/2018,8,16,,1900,3000,11264,536870912,
519,Intel Xeon D-2146NT,2/1/2018,8,16,,2300,3000,11264,536870912,
520,Intel Xeon D-2161I,2/1/2018,12,24,,2200,3000,16896,536870912,
521,Intel Xeon D-2177NT,2/1/2018,14,28,,1900,3000,19456,536870912,
522,Intel Xeon D-2163IT,2/1/2018,12,24,,2100,3000,17408,536870912,
523,Intel Xeon D-2173IT,2/1/2018,14,28,,1700,3000,19456,536870912,
524,Intel Xeon Gold 6122,5/1/2018,20,40,,1800,3700,28672,805306368,
525,Intel Xeon Gold 6129,5/1/2018,16,32,,2300,3300,22528,805306368,
526,Intel Xeon Gold 6138P,5/1/2018,20,40,,2000,3700,28160,805306368,
527,"Intel Core i5+8500 (9M Cache, up to 4.10 GHz) includes Intel Optane Memory (16GB)",5/1/2018,6,6,8,3000,4100,9216,67108864,100
528,Intel Core i5-8269U,5/1/2018,4,8,4,2600,4200,6144,33554432,100
529,Intel Core i5-8259U,5/1/2018,4,8,4,2300,3800,6144,33554432,100
530,Intel Core i5-8500B,5/1/2018,6,6,8,3000,4100,9216,67108864,100
531,Intel Core i5-8400B,5/1/2018,6,6,8,2800,4000,9216,67108864,100
532,Intel Core i5-8400H,5/1/2018,4,8,8,2500,4200,8192,67108864,100
533,Intel Core i5-8300H,5/1/2018,4,8,8,2300,4000,8192,67108864,100
534,Intel Core i5-8500T,5/1/2018,6,6,8,2100,3500,9216,134217728,100
535,Intel Core i5-8600,5/1/2018,6,6,8,3100,4300,9216,134217728,100
536,"Intel Core i5+8400 (9M Cache, up to 4.00 GHz) includes Intel Optane Memory (16GB)",5/1/2018,6,6,8,2800,4000,9216,67108864,100
537,Intel Core i5-8400T,5/1/2018,6,6,8,1700,3300,9216,134217728,100
538,Intel Core i5-8500,5/1/2018,6,6,8,3000,4100,9216,134217728,100
539,Intel Core i5-8600T,5/1/2018,6,6,8,2300,3700,9216,134217728,100
540,Intel Core i7-8559U,5/1/2018,4,8,4,2700,4500,8192,33554432,100
541,Intel Core i7-8750H,5/1/2018,6,12,8,2200,4100,9216,67108864,100
542,Intel Core i7-8700B,5/1/2018,6,12,8,3200,4600,12288,67108864,100
543,Intel Core i7-8850H,5/1/2018,6,12,8,2600,4300,9216,67108864,100
544,Intel Core i7-8700T,5/1/2018,6,12,8,2400,4000,12288,134217728,100
545,"Intel Core i7+8700 (12M Cache, up to 4.60 GHz) includes Intel Optane Memory (16GB)",5/1/2018,6,12,8,3200,4600,12288,67108864,100
546,Intel Core i7-8086K,5/1/2018,6,12,8,4000,5000,12288,134217728,100
547,Intel Pentium Gold G5500,5/1/2018,2,4,8,3800,,4096,67108864,100
548,Intel Pentium Gold G5500T,5/1/2018,2,4,8,3200,,4096,67108864,88
549,Intel Pentium Gold G5400T,5/1/2018,2,4,8,3100,,4096,67108864,100
550,Intel Pentium Gold G5400,5/1/2018,2,4,8,3700,,4096,67108864,100
551,Intel Pentium Gold G5600,5/1/2018,2,4,8,3900,,4096,67108864,100
552,Intel Core i3-7020U,5/1/2018,2,4,4,2300,,3072,33554432,100
553,Intel Core i3-8300,5/1/2018,4,4,8,3700,,8192,67108864,100
554,Intel Core i3-8300T,5/1/2018,4,4,8,3200,,8192,67108864,82
555,Intel Core i3-8100T,5/1/2018,4,4,8,3100,,6144,67108864,82
556,Intel Core i3-8109U,5/1/2018,2,4,4,3000,3600,4096,33554432,100
557,Intel Core i3-8121U,5/1/2018,2,4,4,2200,3200,4096,33554432,105
558,Intel Core i9-8950HK,5/1/2018,6,12,8,2900,4800,12288,67108864,100
559,Intel Celeron G4900,5/1/2018,2,2,8,3100,,2048,67108864,100
560,Intel Celeron G4920,5/1/2018,2,2,8,3200,,2048,67108864,100
561,Intel Celeron G4900T,5/1/2018,2,2,8,2900,,2048,67108864,88
562,Intel Xeon E-2176M,5/1/2018,6,12,8,2700,4400,12288,67108864,100
563,Intel Xeon E-2186M,5/1/2018,6,12,8,2900,4800,12288,67108864,100
564,Intel Xeon Gold 6162,8/1/2018,24,48,,1900,3500,33792,805306368,
565,Intel Xeon Gold 6130H,8/1/2018,16,32,,2100,3700,22528,805306368,
566,Intel Core i5-8305G,8/1/2018,4,8,8,2800,3800,6144,67108864,100
567,Intel Core i5-8265U,8/1/2018,4,8,4,1600,3900,6144,67108864,100
568,Intel Core i5-8200Y,8/1/2018,2,4,4,1300,3900,4096,16777216,100
569,Intel Xeon Platinum 8160H,8/1/2018,24,48,,2100,3700,33792,805306368,
570,Intel Core i7-8706G,8/1/2018,4,8,8,3100,4100,8192,67108864,100
571,Intel Core i7-8565U,8/1/2018,4,8,4,1800,4600,8192,67108864,100
572,Intel Core i3-8100H,8/1/2018,4,4,8,3000,,6144,67108864,100
573,Intel Core i3-8145U,8/1/2018,2,4,4,2100,3900,4096,67108864,100
574,Intel Core i3-8100B,8/1/2018,4,4,8,3600,,6144,67108864,100
575,Intel Atom C3336,8/1/2018,2,2,,1500,,4096,134217728,89
576,Intel Xeon Silver 4106H,8/1/2018,8,16,,1800,3000,11264,805306368,
577,Intel Xeon E-2176G,8/1/2018,6,12,8,3700,4700,12288,134217728,100
578,Intel Xeon E-2104G,8/1/2018,4,4,8,3200,,8192,134217728,
579,Intel Xeon E-2146G,8/1/2018,6,12,8,3500,4500,12288,134217728,100
580,Intel Xeon E-2174G,8/1/2018,4,8,8,3800,4700,8192,134217728,100
581,Intel Xeon E-2126G,8/1/2018,6,6,8,3300,4500,12288,134217728,100
582,Intel Xeon E-2144G,8/1/2018,4,8,8,3600,4500,8192,134217728,100
583,Intel Xeon E-2134,8/1/2018,4,8,8,3500,4500,8192,134217728,100
584,Intel Xeon E-2136,8/1/2018,6,12,8,3300,4500,12288,134217728,100
585,Intel Xeon E-2124,8/1/2018,4,4,8,3300,4300,8192,134217728,100
586,Intel Xeon E-2124G,8/1/2018,4,4,8,3400,4500,8192,134217728,100
587,Intel Xeon E-2186G,8/1/2018,6,12,8,3800,4700,12288,134217728,100
588,Intel Core i5-9600K,11/1/2018,6,6,8,3700,4600,9216,134217728,100
589,Intel Core i7-9700K,11/1/2018,8,8,8,3600,4900,12288,134217728,100
590,Intel Core i9-9900K,11/1/2018,8,16,8,3600,5000,16384,134217728,100
591,Intel Core i9-9920X,11/1/2018,12,24,8,3500,4400,19712,134217728,92
592,Intel Core i9-9980XE,11/1/2018,18,36,8,3000,4400,25344,134217728,84
593,Intel Core i9-9940X,11/1/2018,14,28,8,3300,4400,19712,134217728,88
594,Intel Core i9-9900X,11/1/2018,10,20,8,3500,4400,19712,134217728,92
595,Intel Core i9-9960X,11/1/2018,16,32,8,3100,4400,22528,134217728,85
596,Intel Core i7-9800X,11/1/2018,8,16,8,3800,4400,16896,134217728,95
597,Intel Core i9-9820X,11/1/2018,10,20,8,3300,4100,16896,134217728,92
598,Intel Xeon W-3175X,11/1/2018,28,56,8,3100,3800,39424,536870912,85
599,Intel Xeon D-1524N,11/1/2018,4,8,,2000,,6144,,
600,Intel Xeon D-1563N,11/1/2018,8,16,,2000,,12288,,
601,Intel Xeon D-1573N,11/1/2018,8,16,,2700,,12288,,
602,Intel Core i5-8210Y,2/1/2019,2,4,4,1600,3600,4096,16777216,100
603,Intel Core i5-8310Y,2/1/2019,2,4,4,1600,3900,4096,16777216,100
604,Intel Core i5-9400F,2/1/2019,6,6,8,2900,4100,9216,134217728,100
605,Intel Core i5-9600KF,2/1/2019,6,6,8,3700,4600,9216,134217728,100
606,Intel Core i5-9400,2/1/2019,6,6,8,2900,4100,9216,134217728,100
607,Intel Pentium Gold 4417U,2/1/2019,2,4,4,2300,,2048,33554432,100
608,Intel Core i7-8500Y,2/1/2019,2,4,4,1500,4200,4096,16777216,100
609,Intel Core i7-9700KF,2/1/2019,8,8,8,3600,4900,12288,134217728,100
610,Intel Pentium Gold 5405U,2/1/2019,2,4,4,2300,,2048,67108864,100
611,Intel Pentium Gold 4425Y,2/1/2019,2,4,4,1700,,2048,16777216,100
612,Intel Core i9-9900KF,2/1/2019,8,16,8,3600,5000,16384,134217728,100
613,Intel Core i3-9350KF,2/1/2019,4,4,8,4000,4600,8192,67108864,100
614,Intel Xeon Gold 5219Y,5/1/2019,16,32,,2400,4000,22528,1073741824,68
615,Intel Xeon Gold 6212U,5/1/2019,24,48,,2400,3900,36608,1073741824,90
616,Intel Xeon Gold 6210U,5/1/2019,20,40,,2500,3900,28160,1073741824,86
617,Intel Xeon Gold 6254,5/1/2019,18,36,,3100,4000,25344,1073741824,82
618,Intel Xeon Gold 6230N,5/1/2019,20,40,,2300,3500,28160,1073741824,78
619,Intel Xeon Gold 6262,5/1/2019,24,48,,1900,3600,33792,1073741824,91
620,Intel Xeon Gold 6240Y,5/1/2019,18,36,,2600,3900,25344,1073741824,74
621,Intel Xeon Gold 6252,5/1/2019,24,48,,2100,3700,36608,1073741824,86
622,Intel Xeon Gold 6248,5/1/2019,20,40,,2500,3900,28160,1073741824,86
623,Intel Xeon Gold 5222,5/1/2019,4,8,,3800,3900,16896,1073741824,72
624,Intel Xeon Gold 5218,5/1/2019,16,32,,2300,3900,22528,1073741824,87
625,Intel Xeon Gold 6240,5/1/2019,18,36,,2600,3900,25344,1073741824,85
626,Intel Xeon Gold 6244,5/1/2019,8,16,,3600,4400,25344,1073741824,74
627,Intel Xeon Gold 6222,5/1/2019,20,40,,1800,3600,28160,1073741824,83
628,Intel Xeon Gold 6242,5/1/2019,16,32,,2800,3900,22528,1073741824,85
629,Intel Xeon Gold 6238T,5/1/2019,22,44,,1900,3700,30976,1073741824,90
630,Intel Xeon Gold 6230,5/1/2019,20,40,,2100,3900,28160,1073741824,87
631,Intel Xeon Gold 6269Y,5/1/2019,22,44,,3200,3700,30976,1073741824,65
632,Intel Celeron N4000C,5/1/2019,2,2,,1100,,4096,8388608,105
633,Intel Core i5-8365U,5/1/2019,4,8,4,1600,4100,6144,67108864,100
634,Intel Core i5-8279U,5/1/2019,4,8,4,2400,4100,6144,33554432,100
635,Intel Core i5-8365UE,5/1/2019,4,8,4,1600,4100,6144,67108864,100
636,Intel Xeon Gold 5220,5/1/2019,18,36,,2200,3900,25344,1073741824,87
637,Intel Xeon Gold 6262V,5/1/2019,24,48,,1900,3600,33792,1073741824,91
638,Intel Xeon Gold 6209U,5/1/2019,20,40,,2100,3900,28160,1073741824,87
639,Intel Xeon Gold 5220T,5/1/2019,18,36,,1900,3900,25344,1073741824,93
640,Intel Xeon Gold 6246,5/1/2019,12,24,,3300,4200,25344,1073741824,76
641,Intel Xeon Gold 6222V,5/1/2019,20,40,,1800,3600,28160,1073741824,83
642,Intel Xeon Gold 6240L,5/1/2019,18,36,,2600,3900,25344,4831838208,85
643,Intel Xeon Gold 6238L,5/1/2019,22,44,,2100,3700,30976,4831838208,92
644,Intel Xeon Gold 6226,5/1/2019,12,24,,2700,3700,19712,1073741824,86
645,Intel Xeon Gold 6234,5/1/2019,8,16,,3300,4000,25344,1073741824,79
646,Intel Xeon Gold 5218T,5/1/2019,16,32,,2100,3800,22528,1073741824,93
647,Intel Xeon Gold 6230T,5/1/2019,20,40,,2100,3900,28160,1073741824,92
648,Intel Xeon Gold 6252N,5/1/2019,24,48,,2300,3600,36608,1073741824,74
649,Intel Xeon Gold 5220S,5/1/2019,18,36,,2700,3900,25344,1073741824,87
650,Intel Xeon Gold 6238,5/1/2019,22,44,,2100,3700,30976,1073741824,92
651,Intel Xeon Gold 5218B,5/1/2019,16,32,,2300,3900,22528,1073741824,87
652,Intel Xeon Gold 5218N,5/1/2019,16,32,,2300,3700,22528,1073741824,81
653,Intel Xeon Gold 5217,5/1/2019,8,16,,3000,3700,11264,1073741824,79
654,Intel Xeon Gold 5215L,5/1/2019,10,20,,2500,3400,14080,4831838208,77
655,Intel Xeon Gold 5215,5/1/2019,10,20,,2500,3400,14080,1073741824,77
656,Intel Core i5-9300HF,5/1/2019,4,8,8,2400,4100,8192,134217728,100
657,Intel Core i5-9500,5/1/2019,6,6,8,3000,4400,9216,134217728,100
658,Intel Core i5-9400H,5/1/2019,4,8,8,2500,4300,8192,134217728,100
659,Intel Core i5-9400T,5/1/2019,6,6,8,1800,3400,9216,134217728,100
660,Intel Core i5-9500T,5/1/2019,6,6,8,2200,3700,9216,134217728,100
661,Intel Core i5-9600T,5/1/2019,6,6,8,2300,3900,9216,134217728,100
662,Intel Core i5-9500F,5/1/2019,6,6,8,3000,4400,9216,134217728,100
663,Intel Core i5-9600,5/1/2019,6,6,8,3100,4600,9216,134217728,100
664,Intel Core i5-9300H,5/1/2019,4,8,8,2400,4100,8192,134217728,100
665,Intel Core i5-9500E,5/1/2019,6,6,8,3000,4200,9216,134217728,100
666,Intel Core i5-9500TE,5/1/2019,6,6,8,2200,3600,9216,134217728,100
667,Intel Xeon Platinum 8260Y,5/1/2019,24,48,,2400,3900,36608,1073741824,90
668,Intel Xeon Platinum 8280,5/1/2019,28,56,,2700,4000,39424,1073741824,84
669,Intel Xeon Platinum 8260L,5/1/2019,24,48,,2400,3900,36608,4831838208,90
670,Intel Xeon Platinum 8276L,5/1/2019,28,56,,2200,4000,39424,4831838208,89
671,Intel Xeon Platinum 8260,5/1/2019,24,48,,2400,3900,36608,1073741824,90
672,Intel Xeon Platinum 8280L,5/1/2019,28,56,,2700,4000,39424,4831838208,84
673,Intel Xeon Platinum 8276,5/1/2019,28,56,,2200,4000,39424,1073741824,89
674,Intel Xeon Platinum 8256,5/1/2019,4,8,,3800,3900,16896,1073741824,72
675,Intel Xeon Platinum 8253,5/1/2019,16,32,,2200,3000,22528,1073741824,87
676,Intel Xeon Platinum 8268,5/1/2019,24,48,,2900,3900,36608,1073741824,84
677,Intel Xeon Platinum 8274,5/1/2019,24,48,,3200,4000,36608,1073741824,65
678,Intel Xeon Platinum 8284,5/1/2019,28,56,,3000,4000,39424,1073741824,65
679,Intel Xeon Platinum 9282,5/1/2019,56,112,,2600,3800,78848,,
680,Intel Xeon Platinum 8270,5/1/2019,26,52,,2700,4000,36608,1073741824,84
681,Intel Core i7-8665U,5/1/2019,4,8,4,1900,4800,8192,67108864,100
682,Intel Core i7-8569U,5/1/2019,4,8,4,2800,4700,8192,33554432,100
683,Intel Core i7-8665UE,5/1/2019,4,8,4,1700,4400,8192,67108864,100
684,Intel Core i7-9700,5/1/2019,8,8,8,3000,4700,12288,134217728,100
685,Intel Core i7-9700F,5/1/2019,8,8,8,3000,4700,12288,134217728,100
686,Intel Core i7-9700T,5/1/2019,8,8,8,2000,4300,12288,134217728,100
687,Intel Core i7-9850H,5/1/2019,6,12,8,2600,4600,12288,134217728,100
688,Intel Core i7-9750HF,5/1/2019,6,12,8,2600,4500,12288,134217728,100
689,Intel Core i7-9750H,5/1/2019,6,12,8,2600,4500,12288,134217728,100
690,Intel Core i7-9700E,5/1/2019,8,8,8,2600,4400,12288,134217728,100
691,Intel Core i7-9850HE,5/1/2019,6,12,8,2700,4400,9216,67108864,100
692,Intel Core i7-9700TE,5/1/2019,8,8,8,1800,3800,12288,134217728,100
693,Intel Core i7-9850HL,5/1/2019,6,12,8,1900,4100,9216,67108864,100
694,Intel Core i3-8145UE,5/1/2019,2,4,4,2200,3900,4096,67108864,100
695,Intel Pentium Gold G5600T,5/1/2019,2,4,8,3300,,4096,67108864,88
696,Intel Pentium Gold G5420,5/1/2019,2,4,8,3800,,4096,67108864,100
697,Intel Pentium Gold G5620,5/1/2019,2,4,8,4000,,4096,67108864,100
698,Intel Pentium Gold G5420T,5/1/2019,2,4,8,3200,,4096,67108864,88
699,Intel Core i9-9900T,5/1/2019,8,16,8,2100,4400,16384,134217728,100
700,Intel Core i9-9900,5/1/2019,8,16,8,3100,5000,16384,134217728,100
701,Intel Core i9-9880H,5/1/2019,8,16,8,2300,4800,16384,134217728,100
702,Intel Core i9-9980HK,5/1/2019,8,16,8,2400,5000,16384,134217728,100
703,Intel Celeron G4930,5/1/2019,2,2,8,3200,,2048,67108864,100
704,Intel Celeron G4930T,5/1/2019,2,2,8,3000,,2048,67108864,88
705,Intel Celeron G4950,5/1/2019,2,2,8,3300,,2048,67108864,100
706,Intel Celeron G4932E,5/1/2019,2,2,8,1900,1900,2048,67108864,100
707,Intel Celeron G4930E,5/1/2019,2,2,8,2400,2400,2048,67108864,100
708,Intel Core i3-9300,5/1/2019,4,4,8,3700,4300,8192,67108864,100
709,Intel Core i3-9300T,5/1/2019,4,4,8,3200,3800,8192,67108864,82
710,Intel Core i3-9100T,5/1/2019,4,4,8,3100,3700,6144,67108864,82
711,Intel Core i3-9350K,5/1/2019,4,4,8,4000,4600,8192,67108864,100
712,Intel Core i3-9100F,5/1/2019,4,4,8,3600,4200,6144,67108864,100
713,Intel Core i3-9320,5/1/2019,4,4,8,3700,4400,8192,67108864,100
714,Intel Core i3-9100,5/1/2019,4,4,8,3600,4200,6144,67108864,100
715,Intel Core i3-9100E,5/1/2019,4,4,8,3100,3700,6144,67108864,100
716,Intel Core i3-9100HL,5/1/2019,4,4,8,1600,2900,6144,67108864,100
717,Intel Core i3-9100TE,5/1/2019,4,4,8,2200,3200,6144,67108864,100
718,Intel Xeon Silver 4209T,5/1/2019,8,16,,2200,3200,11264,1073741824,91
719,Intel Xeon Silver 4210,5/1/2019,10,20,,2200,3200,14080,1073741824,78
720,Intel Xeon Silver 4214,5/1/2019,12,24,,2200,3200,16896,1073741824,77
721,Intel Xeon Bronze 3204,5/1/2019,6,6,,1900,1900,8448,1073741824,77
722,Intel Xeon Silver 4208,5/1/2019,8,16,,2100,3200,11264,1073741824,78
723,Intel Xeon Silver 4216,5/1/2019,16,32,,2100,3200,22528,1073741824,79
724,Intel Xeon Silver 4214Y,5/1/2019,12,24,,2200,3200,16896,1073741824,77
725,Intel Xeon Silver 4215,5/1/2019,8,16,,2500,3500,11264,1073741824,77
726,Intel Xeon E-2288G,5/1/2019,8,16,8,3700,5000,16384,134217728,100
727,Intel Xeon E-2278G,5/1/2019,8,16,8,3400,5000,16384,134217728,100
728,Intel Xeon E-2226GE,5/1/2019,6,6,8,3400,4600,12288,134217728,
729,Intel Xeon E-2278GEL,5/1/2019,8,16,8,2000,3900,16384,134217728,
730,Intel Xeon E-2276ML,5/1/2019,6,12,8,2000,4200,12288,67108864,100
731,Intel Xeon E-2254ML,5/1/2019,4,8,8,1700,3500,8192,67108864,100
732,Intel Xeon E-2276ME,5/1/2019,6,12,8,2800,4500,12288,67108864,100
733,Intel Xeon E-2254ME,5/1/2019,4,8,8,2600,3800,8192,67108864,100
734,Intel Xeon E-2286G,5/1/2019,6,12,8,4000,4900,12288,134217728,100
735,Intel Xeon E-2276G,5/1/2019,6,12,8,3800,4900,12288,134217728,100
736,Intel Xeon E-2224,5/1/2019,4,4,8,3400,4600,8192,134217728,100
737,Intel Xeon E-2224G,5/1/2019,4,4,8,3500,4700,8192,134217728,100
738,Intel Xeon W-3275,5/1/2019,28,56,8,2500,4400,39424,1073741824,76
739,Intel Xeon W-3265M,5/1/2019,24,48,8,2700,4400,33792,2147483648,78
740,Intel Xeon W-3235,5/1/2019,12,24,8,3300,4400,19712,1073741824,72
741,Intel Xeon W-3225,5/1/2019,8,16,8,3700,4300,16896,1073741824,68
742,Intel Xeon W-3265,5/1/2019,24,48,8,2700,4400,33792,1073741824,78
743,Intel Xeon W-3223,5/1/2019,8,16,8,3500,4000,16896,1073741824,68
744,Intel Xeon W-3245M,5/1/2019,16,32,8,3200,4400,22528,2147483648,77
745,Intel Xeon W-3275M,5/1/2019,28,56,8,2500,4400,39424,2147483648,76
746,Intel Xeon E-2226G,5/1/2019,6,6,8,3400,4700,12288,134217728,100
747,Intel Xeon E-2234,5/1/2019,4,8,8,3600,4800,8192,134217728,100
748,Intel Xeon E-2236,5/1/2019,6,12,8,3400,4800,12288,134217728,100
749,Intel Xeon E-2244G,5/1/2019,4,8,8,3800,4800,8192,134217728,100
750,Intel Xeon E-2274G,5/1/2019,4,8,8,4000,4900,8192,134217728,100
751,Intel Xeon E-2276M,5/1/2019,6,12,8,2800,4700,12288,134217728,100
752,Intel Xeon E-2286M,5/1/2019,8,16,8,2400,5000,16384,134217728,100
753,Intel Xeon E-2246G,5/1/2019,6,12,8,3600,4800,12288,134217728,100
754,Intel Xeon E-2278GE,5/1/2019,8,16,8,3300,4700,16384,134217728,
755,Intel Xeon D-1649N,5/1/2019,8,16,,2300,3000,12288,134217728,105
756,Intel Xeon D-1637,5/1/2019,6,12,,2900,3200,9216,134217728,105
757,Intel Xeon D-1633N,5/1/2019,6,12,,2500,3200,9216,134217728,105
758,Intel Xeon D-1632,5/1/2019,8,16,,1500,2500,12288,134217728,105
759,Intel Xeon D-1653N,5/1/2019,8,16,,2800,3200,12288,134217728,105
760,Intel Xeon D-1612,5/1/2019,4,8,,1500,2500,6144,134217728,105
761,Intel Xeon D-1602,5/1/2019,2,4,,2500,3200,3072,134217728,105
762,Intel Xeon D-1622,5/1/2019,4,8,,2600,3200,6144,134217728,105
763,Intel Xeon D-1623N,5/1/2019,4,8,,2400,3200,6144,134217728,105
764,Intel Xeon D-1627,5/1/2019,4,8,,2900,3200,6144,134217728,105
765,Intel Celeron J3455E,8/1/2019,4,4,,1500,2300,2048,8388608,105
766,Intel Celeron J3355E,8/1/2019,2,2,,2000,2500,2048,8388608,105
767,Intel Celeron N3350E,8/1/2019,2,2,,1100,2400,2048,8388608,105
768,Intel Core i5-8257U,8/1/2019,4,8,4,1400,3900,6144,33554432,100
769,Intel Xeon Platinum 9221,8/1/2019,32,64,,2300,3700,73216,,
770,Intel Xeon Platinum 9222,8/1/2019,32,64,,2300,3700,73216,,
771,Intel Core i7-8557U,8/1/2019,4,8,4,1700,4500,8192,33554432,100
772,Intel Core i7-1060G7,8/1/2019,4,8,4,1000,3800,8192,33554432,100
773,Intel Core i5-1035G1,8/1/2019,4,8,4,1000,3600,6144,67108864,100
774,Intel Core i5-1035G7,8/1/2019,4,8,4,1200,3700,6144,67108864,100
775,Intel Core i5-1035G4,8/1/2019,4,8,4,1100,3700,6144,67108864,100
776,Intel Core i5-1030G7,8/1/2019,4,8,4,800,3500,6144,33554432,100
777,Intel Core i5-1030G4,8/1/2019,4,8,4,700,3500,6144,33554432,100
778,Intel Core i5-10210Y,8/1/2019,4,8,4,1000,4000,6144,16777216,100
779,Intel Core i5-10310Y,8/1/2019,4,8,4,1100,4100,6144,16777216,100
780,Intel Core i5-10210U,8/1/2019,4,8,4,1600,4200,6144,67108864,100
781,Intel Core i7-1065G7,8/1/2019,4,8,4,1300,3900,8192,67108864,100
782,Intel Core i7-10710U,8/1/2019,6,12,4,1100,4700,12288,67108864,100
783,Intel Core i7-10510Y,8/1/2019,4,8,4,1200,4500,8192,16777216,100
784,Intel Core i7-10510U,8/1/2019,4,8,4,1800,4900,8192,67108864,100
785,Intel Core i3-1000G4,8/1/2019,2,4,4,1100,3200,4096,33554432,100
786,Intel Core i3-1000G1,8/1/2019,2,4,4,1100,3200,4096,33554432,100
787,Intel Core i3-1005G1,8/1/2019,2,4,4,1200,3400,4096,67108864,100
788,Intel Core i3-10110Y,8/1/2019,2,4,4,1000,4000,4096,16777216,100
789,Intel Core i3-10110U,8/1/2019,2,4,4,2100,4100,4096,67108864,100
790,Intel Celeron J4125,11/1/2019,4,4,,2000,,4096,8388608,105
791,Intel Celeron J4025,11/1/2019,2,2,,2000,,4096,8388608,105
792,Intel Celeron N4120,11/1/2019,4,4,,1100,,4096,8388608,105
793,Intel Celeron N4020,11/1/2019,2,2,,1100,,4096,8388608,105
794,Intel Pentium Silver N5030,11/1/2019,4,4,,1100,,4096,8388608,105
795,Intel Pentium Silver J5040,11/1/2019,4,4,,2000,,4096,8388608,105
796,Intel Pentium Gold 6405U,11/1/2019,2,4,4,2400,,2048,67108864,100
797,Intel Core i9-9900KS,11/1/2019,8,16,8,4000,5000,16384,134217728,100
798,Intel Core i3-8140U,11/1/2019,2,4,4,2100,3900,4096,67108864,100
799,Intel Core i9-10920X,11/1/2019,12,24,8,3500,4600,19712,268435456,94
800,Intel Core i9-10940X,11/1/2019,14,28,8,3300,4600,19712,268435456,86
801,Intel Core i9-10980XE,11/1/2019,18,36,8,3000,4600,25344,268435456,86
802,Intel Core i9-10900X,11/1/2019,10,20,8,3700,4500,19712,268435456,94
803,Intel Xeon W-2275,11/1/2019,14,28,8,3300,4600,19712,1073741824,62
804,Intel Xeon W-2295,11/1/2019,18,36,8,3000,4600,25344,1073741824,61
805,Intel Xeon W-2265,11/1/2019,12,24,8,3500,4600,19712,1073741824,61
806,Intel Xeon W-2255,11/1/2019,10,20,8,3700,4500,19712,1073741824,62
807,Intel Xeon W-2223,11/1/2019,4,8,8,3600,3900,8448,1073741824,64
808,Intel Xeon W-2235,11/1/2019,6,12,8,3800,4600,8448,1073741824,64
809,Intel Xeon W-2245,11/1/2019,8,16,8,3900,4500,16896,1073741824,59
810,Intel Xeon W-2225,11/1/2019,4,8,8,4100,4600,8448,1073741824,61
811,Intel Xeon Gold 6250L,2/1/2020,8,16,,3900,4500,36608,4831838208,60
812,Intel Xeon Gold 5220R,2/1/2020,24,48,,2200,4000,36608,1073741824,86
813,Intel Xeon Gold 6208U,2/1/2020,16,32,,2900,3900,22528,1073741824,85
814,Intel Xeon Gold 6242R,2/1/2020,20,40,,3100,4100,36608,1073741824,76
815,Intel Xeon Gold 6248R,2/1/2020,24,48,,3000,4000,36608,1073741824,75
816,Intel Xeon Gold 6258R,2/1/2020,28,56,,2700,4000,39424,1073741824,74
817,Intel Xeon Gold 6226R,2/1/2020,16,32,,2900,3900,22528,1073741824,85
818,Intel Xeon Gold 6230R,2/1/2020,26,52,,2100,4000,36608,1073741824,85
819,Intel Xeon Gold 6238R,2/1/2020,28,56,,2200,4000,39424,1073741824,89
820,Intel Xeon Gold 6240R,2/1/2020,24,48,,2400,4000,36608,1073741824,90
821,Intel Xeon Gold 5218R,2/1/2020,20,40,,2100,4000,28160,1073741824,87
822,Intel Xeon Gold 6256,2/1/2020,12,24,,3600,4500,33792,1073741824,64
823,Intel Xeon Gold 6250,2/1/2020,8,16,,3900,4500,36608,1073741824,60
824,Intel Xeon Gold 6246R,2/1/2020,16,32,,3400,4100,36608,1073741824,75
825,Intel Atom P5942B,2/1/2020,16,16,,2200,,18432,134217728,85
826,Intel Atom P5921B,2/1/2020,8,8,,2200,,9216,67108864,85
827,Intel Atom P5962B,2/1/2020,24,24,,2200,,27648,134217728,85
828,Intel Atom P5931B,2/1/2020,12,12,,2200,,13824,134217728,85
829,Intel Xeon Silver 4214R,2/1/2020,12,24,,2400,3500,16896,1073741824,79
830,Intel Xeon Silver 4210T,2/1/2020,10,20,,2300,3200,14080,1073741824,91
831,Intel Xeon Silver 4215R,2/1/2020,8,16,,3200,4000,11264,1073741824,79
832,Intel Xeon Bronze 3206R,2/1/2020,8,8,,1900,1900,11264,1073741824,78
833,Intel Xeon Silver 4210R,2/1/2020,10,20,,2400,3200,14080,1073741824,84
834,Intel Xeon Gold 6328HL,5/1/2020,16,32,,2800,4300,22528,4831838208,
835,Intel Xeon Gold 5320H,5/1/2020,20,40,,2400,4200,28160,1202590843,
836,Intel Xeon Gold 6328H,5/1/2020,16,32,,2800,4300,22528,1202590843,
837,Intel Xeon Gold 5318H,5/1/2020,18,36,,2500,3800,25344,1202590843,
838,Intel Xeon Gold 6348H,5/1/2020,24,48,,2300,4200,33792,1202590843,
839,Intel Core i5-1030NG7,5/1/2020,4,8,4,1100,3500,6144,33554432,100
840,Intel Core i5-10400H,5/1/2020,4,8,8,2600,4600,8192,134217728,100
841,Intel Core i5-10300H,5/1/2020,4,8,8,2500,4500,8192,134217728,100
842,Intel Core i5-10500E,5/1/2020,6,12,8,3100,4200,12288,134217728,100
843,Intel Core i5-10500TE,5/1/2020,6,12,8,2300,3700,12288,134217728,100
844,Intel Xeon Platinum 8380H,5/1/2020,28,56,,2900,4300,39424,1202590843,
845,Intel Xeon Platinum 8353H,5/1/2020,18,36,,2500,3800,25344,1202590843,
846,Intel Xeon Platinum 8354H,5/1/2020,18,36,,3100,4300,25344,1202590843,
847,Intel Xeon Platinum 8376H,5/1/2020,28,56,,2600,4300,39424,1202590843,
848,Intel Xeon Platinum 8380HL,5/1/2020,28,56,,2900,4300,39424,4831838208,
849,Intel Xeon Platinum 8376HL,5/1/2020,28,56,,2600,4300,39424,4831838208,
850,Intel Atom C3436L,5/1/2020,4,4,,1300,,8192,268435456,86
851,Intel Atom C3558R,5/1/2020,4,4,,2400,,8192,268435456,82
852,Intel Atom C3758R,5/1/2020,8,8,,2400,,16384,268435456,82
853,Intel Pentium Gold G6500T,5/1/2020,2,4,8,3500,,4096,134217728,100
854,Intel Pentium Gold G6600,5/1/2020,2,4,8,4200,,4096,134217728,100
855,Intel Pentium Gold G6500,5/1/2020,2,4,8,4100,,4096,134217728,100
856,Intel Pentium Gold G6400,5/1/2020,2,4,8,4000,,4096,134217728,100
857,Intel Pentium Gold G6400T,5/1/2020,2,4,8,3400,,4096,134217728,100
858,Intel Pentium Gold G6400TE,5/1/2020,2,4,8,3200,,4096,134217728,100
859,Intel Pentium Gold G6400E,5/1/2020,2,4,8,3800,,4096,134217728,100
860,Intel Core i7-1060NG7,5/1/2020,4,8,4,1200,3800,8192,33554432,100
861,Intel Core i7-10875H,5/1/2020,8,16,8,2300,5100,16384,134217728,100
862,Intel Core i7-10750H,5/1/2020,6,12,8,2600,5000,12288,134217728,100
863,Intel Core i7-10850H,5/1/2020,6,12,8,2700,5100,12288,134217728,100
864,Intel Core i7-10700TE,5/1/2020,8,16,8,2000,4400,16384,134217728,100
865,Intel Core i7-10700T,5/1/2020,8,16,8,2000,4500,16384,134217728,100
866,Intel Core i7-10700,5/1/2020,8,16,8,2900,4800,16384,134217728,100
867,Intel Core i7-10700F,5/1/2020,8,16,8,2900,4800,16384,134217728,100
868,Intel Core i7-10700E,5/1/2020,8,16,8,2900,4500,16384,134217728,100
869,Intel Core i7-10700KF,5/1/2020,8,16,8,3800,5100,16384,134217728,100
870,Intel Core i7-10700K,5/1/2020,8,16,8,3800,5100,16384,134217728,100
871,Intel Core i7-1068NG7,5/1/2020,4,8,4,2300,4100,8192,67108864,100
872,Intel Core i7-10810U,5/1/2020,6,12,4,1100,4900,12288,67108864,100
873,Intel Core i7-10610U,5/1/2020,4,8,4,1800,4900,8192,67108864,100
874,Intel Celeron G5900,5/1/2020,2,2,8,3400,,2048,134217728,100
875,Intel Celeron G5900T,5/1/2020,2,2,8,3200,,2048,134217728,100
876,Intel Celeron G5920,5/1/2020,2,2,8,3500,,2048,134217728,100
877,Intel Celeron G5900TE,5/1/2020,2,2,8,3000,,2048,134217728,100
878,Intel Celeron G5900E,5/1/2020,2,2,8,3200,,2048,134217728,100
879,Intel Core i5-10600KF,5/1/2020,6,12,8,4100,4800,12288,134217728,100
880,Intel Core i5-10600K,5/1/2020,6,12,8,4100,4800,12288,134217728,100
881,Intel Core i5-10400F,5/1/2020,6,12,8,2900,4300,12288,134217728,100
882,Intel Core i5-10500,5/1/2020,6,12,8,3100,4500,12288,134217728,100
883,Intel Core i5-10400T,5/1/2020,6,12,8,2000,3600,12288,134217728,100
884,Intel Core i5-10500T,5/1/2020,6,12,8,2300,3800,12288,134217728,100
885,Intel Core i5-10600,5/1/2020,6,12,8,3300,4800,12288,134217728,100
886,Intel Core i5-10400,5/1/2020,6,12,8,2900,4300,12288,134217728,100
887,Intel Core i5-10600T,5/1/2020,6,12,8,2400,4000,12288,134217728,100
888,Intel Core i5-1038NG7,5/1/2020,4,8,4,2000,3800,6144,67108864,100
889,Intel Core i5-10310U,5/1/2020,4,8,4,1700,4400,6144,67108864,100
890,Intel Core i3-1000NG4,5/1/2020,2,4,4,1100,3200,4096,33554432,100
891,Intel Core i3-10320,5/1/2020,4,8,8,3800,4600,8192,134217728,100
892,Intel Atom C3338R,5/1/2020,2,2,,1800,2200,4096,134217728,88
893,Intel Core i9-10980HK,5/1/2020,8,16,8,2400,5300,16384,134217728,100
894,Intel Core i9-10900T,5/1/2020,10,20,8,1900,4600,20480,134217728,100
895,Intel Core i9-10900,5/1/2020,10,20,8,2800,5200,20480,134217728,100
896,Intel Core i9-10900F,5/1/2020,10,20,8,2800,5200,20480,134217728,100
897,Intel Core i9-10900KF,5/1/2020,10,20,8,3700,5300,20480,134217728,100
898,Intel Core i9-10900E,5/1/2020,10,20,8,2800,4700,20480,134217728,100
899,Intel Core i9-10900TE,5/1/2020,10,20,8,1800,4500,20480,134217728,100
900,Intel Core i9-10900K,5/1/2020,10,20,8,3700,5300,20480,134217728,100
901,Intel Core i9-10885H,5/1/2020,8,16,8,2400,5300,16384,134217728,100
902,Intel Core i3-10300,5/1/2020,4,8,8,3700,4400,8192,134217728,100
903,Intel Core i3-10300T,5/1/2020,4,8,8,3000,3900,8192,134217728,100
904,Intel Core i3-10100,5/1/2020,4,8,8,3600,4300,6144,134217728,100
905,Intel Core i3-10100T,5/1/2020,4,8,8,3000,3800,6144,134217728,100
906,Intel Core i3-10100TE,5/1/2020,4,8,8,2300,3600,6144,134217728,100
907,Intel Core i3-10100E,5/1/2020,4,8,8,3200,3800,6144,134217728,100
908,Intel Xeon W-1290T,5/1/2020,10,20,8,1900,4700,20480,134217728,100
909,Intel Xeon W-10855M,5/1/2020,6,12,8,2800,5100,12288,134217728,100
910,Intel Xeon W-10885M,5/1/2020,8,16,8,2400,5300,16384,134217728,100
911,Intel Xeon W-1250E,5/1/2020,6,12,8,3500,4700,12288,134217728,100
912,Intel Xeon W-1250TE,5/1/2020,6,12,8,2400,3800,12288,134217728,100
913,Intel Xeon W-1250,5/1/2020,6,12,8,3300,4700,12288,134217728,100
914,Intel Xeon W-1290P,5/1/2020,10,20,8,3700,5300,20480,134217728,100
915,Intel Xeon W-1290,5/1/2020,10,20,8,3200,5200,20480,134217728,100
916,Intel Xeon W-1270,5/1/2020,8,16,8,3400,5000,16384,134217728,100
917,Intel Xeon W-1250P,5/1/2020,6,12,8,4100,4800,12288,134217728,100
918,Intel Xeon W-1290E,5/1/2020,10,20,8,3500,4800,20480,134217728,100
919,Intel Xeon W-1270E,5/1/2020,8,16,8,3400,4800,16384,134217728,100
920,Intel Xeon W-1270TE,5/1/2020,8,16,8,2000,4400,16384,134217728,100
921,Intel Xeon W-1290TE,5/1/2020,10,20,8,1800,4500,20480,134217728,100
922,Intel Xeon W-1270P,5/1/2020,8,16,8,3800,5100,16384,134217728,100
923,Intel Xeon Gold 6330H,8/1/2020,24,48,,2000,3700,33792,1202590843,
924,Intel Xeon Platinum 8356H,8/1/2020,8,16,,3900,4400,36608,1202590843,
925,Intel Xeon Platinum 8360H,8/1/2020,24,48,,3000,4200,33792,1202590843,
926,Intel Xeon Platinum 8360HL,8/1/2020,24,48,,3000,4200,33792,4831838208,
927,Intel Core i7-10870H,8/1/2020,8,16,8,2200,5000,16384,134217728,100
928,Intel Core i7-1160G7,8/1/2020,4,8,2,,4400,12288,33554432,100
929,Intel Celeron G5905T,8/1/2020,2,2,8,3300,,4096,134217728,100
930,Intel Celeron G5925,8/1/2020,2,2,8,3600,,4096,134217728,100
931,Intel Core i5-10200H,8/1/2020,4,8,8,2400,4100,8192,134217728,100
932,Intel Core i5-1135G7,8/1/2020,4,8,4,,4200,8192,67108864,100
933,Intel Core i5-1130G7,8/1/2020,4,8,2,,4000,8192,33554432,100
934,Intel Core i5-1135G7,8/1/2020,4,8,4,,4200,8192,67108864,100
935,Intel Core i5-1145GRE,8/1/2020,4,8,4,1500,4100,8192,67108864,100
936,Intel Core i5-1145G7E,8/1/2020,4,8,4,1500,4100,8192,67108864,100
937,Intel Pentium Silver A1030,8/1/2020,2,2,,2000,,4096,8388608,105
938,Intel Core i9-10850K,8/1/2020,10,20,8,3600,5200,20480,134217728,100
939,Intel Core i9-10910,8/1/2020,10,20,8,3600,5000,20480,134217728,100
940,Intel Core i7-1165G7,8/1/2020,4,8,4,,4700,12288,67108864,100
941,Intel Core i7-1185G7,8/1/2020,4,8,4,,4800,12288,67108864,100
942,Intel Core i7-1165G7,8/1/2020,4,8,4,,4700,12288,67108864,100
943,Intel Core i7-1185G7E,8/1/2020,4,8,4,1800,4400,12288,67108864,100
944,Intel Core i7-1185GRE,8/1/2020,4,8,4,1800,4400,12288,67108864,100
945,Intel Celeron G5905,8/1/2020,2,2,8,3500,,4096,134217728,100
946,Intel Core i3-1115G4,8/1/2020,2,4,4,,4100,6144,67108864,100
947,Intel Core i3-1115G4,8/1/2020,2,4,4,,4100,6144,67108864,100
948,Intel Core i3-1110G4,8/1/2020,2,4,2,,3900,6144,33554432,100
949,Intel Core i3-1115G4E,8/1/2020,2,4,4,2200,3900,6144,67108864,100
950,Intel Core i3-1115GRE,8/1/2020,2,4,4,2200,3900,6144,67108864,100
951,Intel Xeon Platinum 8321HC,11/1/2020,26,52,,1400,3000,36608,1202590843,
952,Intel Pentium Gold 7505,11/1/2020,2,4,4,,3500,4096,67108864,100
953,Intel Core i5-10500H,11/1/2020,6,12,8,2500,4500,12288,134217728,100
954,Intel Core i3-10100F,11/1/2020,4,8,8,3600,4300,6144,134217728,100
955,Intel Celeron J6413,2/1/2021,4,4,,1800,,1536,33554432,70
956,Intel Celeron J6412,2/1/2021,4,4,,2000,,1536,33554432,70
957,Intel Celeron N6211,2/1/2021,2,2,,1200,,1536,33554432,70
958,Intel Celeron N5095,2/1/2021,4,4,,2000,,4096,16777216,105
959,Intel Celeron N4505,2/1/2021,2,2,,2000,,4096,16777216,105
960,Intel Celeron N4500,2/1/2021,2,2,,1100,,4096,16777216,105
961,Intel Celeron N5105,2/1/2021,4,4,,2000,,4096,16777216,105
962,Intel Celeron N5100,2/1/2021,4,4,,1100,,4096,16777216,105
963,Intel Celeron N4020C,2/1/2021,2,2,,1100,,4096,8388608,105
964,Intel Celeron N6210,2/1/2021,2,2,,1200,,1536,33554432,70
965,Intel Pentium Gold 6500Y,2/1/2021,2,4,4,1100,3400,4096,16777216,100
966,Intel Pentium Gold G6605,2/1/2021,2,4,8,4300,,4096,134217728,100
967,Intel Pentium Gold G6405T,2/1/2021,2,4,8,3500,,4096,134217728,100
968,Intel Pentium Gold G6405,2/1/2021,2,4,8,4100,,4096,134217728,100
969,Intel Pentium Gold G6505,2/1/2021,2,4,8,4200,,4096,134217728,100
970,Intel Core i5-10505,2/1/2021,6,12,8,3200,4600,12288,134217728,100
971,Intel Core i5-1145G7,2/1/2021,4,8,4,,4400,8192,67108864,100
972,Intel Pentium Silver N6000,2/1/2021,4,4,,1100,,4096,16777216,105
973,Intel Pentium Silver N6005,2/1/2021,4,4,,2000,,4096,16777216,105
974,Intel Pentium Gold G6505T,2/1/2021,2,4,8,3600,,4096,134217728,100
975,Intel Core i9-11900,2/1/2021,8,16,8,2500,5200,16384,134217728,100
976,Intel Core i9-11900F,2/1/2021,8,16,8,2500,5200,16384,134217728,100
977,Intel Core i9-11900T,2/1/2021,8,16,8,1500,4900,16384,134217728,100
978,Intel Core i9-11900KF,2/1/2021,8,16,8,3500,5300,16384,134217728,100
979,Intel Core i9-11900K,2/1/2021,8,16,8,3500,5300,16384,134217728,100
980,Intel Core i7-11370H,2/1/2021,4,8,,,4800,12288,67108864,100
981,Intel Core i7-11375H,2/1/2021,4,8,,,5000,12288,67108864,100
982,Intel Core i7-1180G7,2/1/2021,4,8,2,,4600,12288,33554432,100
983,Intel Core i7-11700F,2/1/2021,8,16,8,2500,4900,16384,134217728,100
984,Intel Core i7-11700,2/1/2021,8,16,8,2500,4900,16384,134217728,100
985,Intel Core i7-11700T,2/1/2021,8,16,8,1400,4600,16384,134217728,100
986,Intel Core i7-11700KF,2/1/2021,8,16,8,3600,5000,16384,134217728,100
987,Intel Core i7-11700K,2/1/2021,8,16,8,3600,5000,16384,134217728,100
988,Intel Core i5-1140G7,2/1/2021,4,8,2,,4200,8192,33554432,100
989,Intel Core i5-11300H,2/1/2021,4,8,,,4400,8192,67108864,100
990,Intel Core i5-11600T,2/1/2021,6,12,8,1700,4100,12288,134217728,100
991,Intel Core i5-11600KF,2/1/2021,6,12,8,3900,4900,12288,134217728,100
992,Intel Core i5-11600K,2/1/2021,6,12,8,3900,4900,12288,134217728,100
993,Intel Core i5-11600,2/1/2021,6,12,8,2800,4800,12288,134217728,100
994,Intel Core i5-11400T,2/1/2021,6,12,8,1300,3700,12288,134217728,100
995,Intel Core i5-11500T,2/1/2021,6,12,8,1500,3900,12288,134217728,100
996,Intel Core i5-11400F,2/1/2021,6,12,8,2600,4400,12288,134217728,100
997,Intel Core i5-11400,2/1/2021,6,12,8,2600,4400,12288,134217728,100
998,Intel Core i5-11500,2/1/2021,6,12,8,2700,4600,12288,134217728,100
999,Intel Core i3-10100Y,2/1/2021,2,4,4,1300,3900,4096,16777216,100
1000,Intel Core i3-10105F,2/1/2021,4,8,8,3700,4400,6144,134217728,100
1001,Intel Core i3-10305T,2/1/2021,4,8,8,3000,4000,8192,134217728,100
1002,Intel Core i3-10105,2/1/2021,4,8,8,3700,4400,6144,134217728,100
1003,Intel Core i3-10305,2/1/2021,4,8,8,3800,4500,8192,134217728,100
1004,Intel Core i3-10105T,2/1/2021,4,8,8,3000,3900,6144,134217728,100
1005,Intel Core i3-10325,2/1/2021,4,8,8,3900,4700,8192,134217728,100
1006,Intel Core i3-1125G4,2/1/2021,4,8,4,,3700,8192,67108864,100
1007,Intel Core i3-1125G4,2/1/2021,4,8,4,,3700,8192,67108864,100
1008,Intel Core i3-1120G4,2/1/2021,4,8,2,,3500,8192,33554432,100
1009,Intel Xeon Gold 6334,5/1/2021,8,16,,3600,3700,18432,6442450944,69
1010,Intel Xeon Gold 5320,5/1/2021,26,52,,2200,3400,39936,6442450944,79
1011,Intel Xeon Gold 5320T,5/1/2021,20,40,,2300,3500,30720,6442450944,86
1012,Intel Xeon Gold 6312U,5/1/2021,24,48,,2400,3600,36864,6442450944,80
1013,Intel Xeon Gold 5318N,5/1/2021,24,48,,2100,3400,36864,6442450944,83
1014,Intel Xeon Gold 6336Y,5/1/2021,24,48,,2400,3600,36864,6442450944,80
1015,Intel Xeon Gold 5318S,5/1/2021,24,48,,2100,3400,36864,6442450944,87
1016,Intel Xeon Gold 6338T,5/1/2021,24,48,,2100,3400,36864,6442450944,87
1017,Intel Xeon Gold 6342,5/1/2021,24,48,,2800,3500,36864,6442450944,81
1018,Intel Xeon Gold 6326,5/1/2021,16,32,,2900,3500,24576,6442450944,78
1019,Intel Xeon Gold 5317,5/1/2021,12,24,,3000,3600,18432,6442450944,84
1020,Intel Xeon Gold 5318Y,5/1/2021,24,48,,2100,3400,36864,6442450944,87
1021,Intel Xeon Gold 6338N,5/1/2021,32,64,,2200,3500,49152,6442450944,83
1022,Intel Xeon Gold 6314U,5/1/2021,32,64,,2300,3400,49152,6442450944,81
1023,Intel Xeon Gold 6354,5/1/2021,18,36,,3000,3600,39936,6442450944,77
1024,Intel Xeon Gold 6330,5/1/2021,28,56,,2000,3100,43008,6442450944,86
1025,Intel Xeon Gold 6346,5/1/2021,16,32,,3100,3600,36864,6442450944,78
1026,Intel Xeon Gold 6348,5/1/2021,28,56,,2600,3500,43008,6442450944,80
1027,Intel Xeon Gold 6330N,5/1/2021,28,56,,2200,3400,43008,6442450944,86
1028,Intel Xeon Gold 6338,5/1/2021,32,64,,2000,3200,49152,6442450944,81
1029,Intel Xeon Platinum 8358,5/1/2021,32,64,,2600,3400,49152,6442450944,81
1030,Intel Xeon Platinum 8352Y,5/1/2021,32,64,,2200,3400,49152,6442450944,81
1031,Intel Xeon Platinum 8351N,5/1/2021,36,72,,2400,3500,55296,6442450944,76
1032,Intel Xeon Platinum 8368Q,5/1/2021,38,76,,2600,3700,58368,6442450944,58
1033,Intel Xeon Platinum 8352S,5/1/2021,32,64,,2200,3400,49152,6442450944,81
1034,Intel Xeon Platinum 8358P,5/1/2021,32,64,,2600,3400,49152,6442450944,80
1035,Intel Xeon Platinum 8352V,5/1/2021,36,72,,2100,3500,55296,6442450944,78
1036,Intel Xeon Platinum 8368,5/1/2021,38,76,,2400,3400,58368,6442450944,84
1037,Intel Xeon Platinum 8360Y,5/1/2021,36,72,,2400,3500,55296,6442450944,80
1038,Intel Xeon Platinum 8352M,5/1/2021,32,64,,2300,3500,49152,6442450944,77
1039,Intel Xeon Gold 5315Y,5/1/2021,8,16,,3200,3600,12288,6442450944,81
1040,Intel Xeon Platinum 8362,5/1/2021,32,64,,2800,3600,49152,6442450944,82
1041,Intel Core i9-11950H,5/1/2021,8,16,8,,5000,24576,134217728,100
1042,Intel Core i9-11980HK,5/1/2021,8,16,8,,5000,24576,134217728,100
1043,Intel Core i9-11900H,5/1/2021,8,16,8,,4900,24576,134217728,100
1044,Intel Core i7-11850H,5/1/2021,8,16,8,,4800,24576,134217728,100
1045,Intel Core i7-11800H,5/1/2021,8,16,8,,4600,24576,134217728,100
1046,Intel Core i7-11700B,5/1/2021,8,16,8,3200,4800,24576,134217728,100
1047,Intel Core i7-1195G7,5/1/2021,4,8,4,,5000,12288,67108864,100
1048,Intel Core i7-1195G7,5/1/2021,4,8,4,,5000,12288,67108864,100
1049,Intel Core i7-11390H,5/1/2021,4,8,4,,5000,12288,67108864,100
1050,Intel Core i5-11500H,5/1/2021,6,12,8,,4600,12288,134217728,100
1051,Intel Core i5-11400H,5/1/2021,6,12,8,,4500,12288,134217728,100
1052,Intel Core i5-11260H,5/1/2021,6,12,8,,4400,12288,134217728,100
1053,Intel Core i5-11500B,5/1/2021,6,12,8,3300,4600,12288,134217728,100
1054,Intel Core i5-1155G7,5/1/2021,4,8,4,,4500,8192,67108864,100
1055,Intel Core i5-1155G7,5/1/2021,4,8,4,,4500,8192,67108864,100
1056,Intel Core i5-11320H,5/1/2021,4,8,4,,4500,8192,67108864,100
1057,Intel Core i9-11900KB,5/1/2021,8,16,8,3300,4900,24576,134217728,100
1058,Intel Core i3-11100B,5/1/2021,4,8,8,3600,4400,12288,134217728,100
1059,Intel Xeon Silver 4310T,5/1/2021,10,20,,2300,3400,15360,6442450944,88
1060,Intel Xeon Silver 4314,5/1/2021,16,32,,2400,3400,24576,6442450944,86
1061,Intel Xeon Silver 4316,5/1/2021,20,40,,2300,3400,30720,6442450944,84
1062,Intel Xeon Silver 4309Y,5/1/2021,8,16,,2800,3600,12288,6442450944,76
1063,Intel Xeon Silver 4310,5/1/2021,12,24,,2100,3300,18432,6442450944,82
1064,Intel Xeon W-1350P,5/1/2021,6,12,8,4000,5100,12288,134217728,100
1065,Intel Xeon W-1390T,5/1/2021,8,16,8,1500,4900,16384,134217728,100
1066,Intel Xeon W-1390P,5/1/2021,8,16,8,3500,5300,16384,134217728,100
1067,Intel Xeon W-1370P,5/1/2021,8,16,8,3600,5200,16384,134217728,100
1068,Intel Xeon W-1370,5/1/2021,8,16,8,2900,5100,16384,134217728,100
1069,Intel Xeon W-1350,5/1/2021,6,12,8,3300,5000,12288,134217728,100
1070,Intel Xeon W-1390,5/1/2021,8,16,8,2800,5200,16384,134217728,100
1071,Intel Xeon W-11955M,5/1/2021,8,16,8,,5000,24576,134217728,100
1072,Intel Xeon W-11855M,5/1/2021,6,12,8,,4900,18432,134217728,100
1073,Intel Celeron N5095A,8/1/2021,4,4,,2000,,4096,16777216,105
1074,Intel Core i7-11600H,8/1/2021,6,12,8,,4600,18432,134217728,100
1075,Intel Core i7-11850HE,8/1/2021,8,16,,,4700,24576,134217728,100
1076,Intel Core i5-11500HE,8/1/2021,6,12,,,4500,12288,134217728,100
1077,Intel Core i3-11100HE,8/1/2021,4,8,,,4400,8192,134217728,100
1078,Intel Xeon E-2386G,8/1/2021,6,12,8,3500,5100,12288,134217728,100
1079,Intel Xeon W-11155MRE,8/1/2021,4,8,,,4400,8192,134217728,100
1080,Intel Xeon W-3323,8/1/2021,12,24,8,3500,3900,21504,4294967296,68
1081,Intel Xeon W-3345,8/1/2021,24,48,8,3000,4000,36864,4294967296,73
1082,Intel Xeon W-3335,8/1/2021,16,32,8,3400,4000,24576,4294967296,68
1083,Intel Xeon W-3365,8/1/2021,32,64,8,2700,4000,49152,4294967296,77
1084,Intel Xeon W-3375,8/1/2021,38,76,8,2500,4000,58368,4294967296,80
1085,Intel Xeon W-11865MRE,8/1/2021,8,16,,,4700,24576,134217728,100
1086,Intel Xeon W-11865MLE,8/1/2021,8,16,,1500,4500,24576,134217728,100
1087,Intel Xeon W-11155MLE,8/1/2021,4,8,,1800,3100,8192,134217728,100
1088,Intel Xeon W-11555MRE,8/1/2021,6,12,,,4500,12288,134217728,100
1089,Intel Xeon W-11555MLE,8/1/2021,6,12,,1900,4400,12288,134217728,100
1090,Intel Xeon E-2336,8/1/2021,6,12,8,2900,4800,12288,134217728,100
1091,Intel Xeon E-2324G,8/1/2021,4,4,8,3100,4600,8192,134217728,100
1092,Intel Xeon E-2356G,8/1/2021,6,12,8,3200,5000,12288,134217728,100
1093,Intel Xeon E-2334,8/1/2021,4,8,8,3400,4800,8192,134217728,100
1094,Intel Xeon E-2314,8/1/2021,4,4,8,2800,4500,8192,134217728,100
1095,Intel Xeon E-2374G,8/1/2021,4,8,8,3700,5000,8192,134217728,100
1096,Intel Xeon E-2378,8/1/2021,8,16,8,2600,4800,16384,134217728,100
1097,Intel Xeon E-2378G,8/1/2021,8,16,8,2800,5100,16384,134217728,100
1098,Intel Xeon E-2388G,8/1/2021,8,16,8,3200,5100,16384,134217728,100
